long,lat,group
-79.04274149999999,43.148325500000006,1
-79.04263809999999,43.148701400000014,1
-79.043223,43.1503058,1
-79.0440236,43.1513518,1
-79.0444778,43.1522406,1
-79.0445429,43.1528719,1
-79.044558,43.15304689999999,1
-79.0448407,43.1550672,1
-79.0454561,43.156645999999995,1
-79.0462318,43.15789110000001,1
-79.04624629999999,43.1582597,1
-79.046632,43.1607929,1
-79.0473789,43.16315900000001,1
-79.0497436,43.1659054,1
-79.0519147,43.1684834,1
-79.05288259999999,43.169677799999995,1
-79.0536618,43.171309099999995,1
-79.05380670000001,43.1727447,1
-79.0537231,43.17493680000001,1
-79.05314969999999,43.1782808,1
-79.0531397,43.1816495,1
-79.0531355,43.1830694,1
-79.0529258,43.1853757,1
-79.0526083,43.18714610000001,1
-79.05195359999999,43.18933440000001,1
-79.0509202,43.1918479,1
-79.04995079999999,43.1935322,1
-79.0494025,43.195206299999995,1
-79.0490861,43.196388899999995,1
-79.0488941,43.198294,1
-79.04913719999999,43.2005623,1
-79.04978679999999,43.20227089999999,1
-79.0508613,43.20382280000001,1
-79.05401909999999,43.2073907,1
-79.0562044,43.20982720000001,1
-79.0565664,43.2113666,1
-79.05612649999999,43.213748200000005,1
-79.0536789,43.2183329,1
-79.0529948,43.2218802,1
-79.05374929999999,43.2267781,1
-79.0550562,43.230349,1
-79.0558542,43.2334029,1
-79.0558877,43.2346944,1
-79.0561003,43.2374023,1
-79.0556515,43.2412909,1
-79.0555708,43.2419897,1
-79.0546588,43.2466088,1
-79.05465679999999,43.2488067,1
-79.0547246,43.249484300000006,1
-79.05478240000001,43.250061499999994,1
-79.0549707,43.251942799999995,1
-79.0550471,43.25270619999999,1
-79.0561547,43.2546211,1
-79.056938,43.2558947,1
-79.0573558,43.2565739,1
-79.0586136,43.2581131,1
-79.06143589999999,43.2592724,1
-79.0643541,43.2603063,1
-79.06528949999999,43.260683199999995,1
-79.0664492,43.26107909999999,1
-79.0682624,43.262001100000006,1
-79.0705512,43.26387619999999,1
-79.07067959999999,43.26398149999999,1
-79.0719767,43.2653527,1
-79.07204569999999,43.2653507,1
-79.08930579999999,43.264850900000006,1
-79.0912804,43.2643109,1
-79.09415860000001,43.2635236,1
-79.0993151,43.2621129,1
-79.11214509999999,43.2589991,1
-79.1222107,43.25921550000001,1
-79.12428539999999,43.2596582,1
-79.1259862,43.2600211,1
-79.1267407,43.2601821,1
-79.1281217,43.2604767,1
-79.13943139999999,43.257843900000005,1
-79.1493787,43.251530700000004,1
-79.1516548,43.25008570000001,1
-79.1516961,43.250059500000006,1
-79.1519908,43.2498724,1
-79.1542654,43.2489962,1
-79.1619353,43.2459069,1
-79.1741869,43.2409699,1
-79.1862086,43.235503699999995,1
-79.1868612,43.2352069,1
-79.1920438,43.232849400000006,1
-79.20258849999999,43.22995429999999,1
-79.2040114,43.2464594,1
-79.21639449999999,43.2466464,1
-79.2239549,43.2467686,1
-79.2322126,43.246891,1
-79.2354017,43.2469403,1
-79.2371376,43.246967100000006,1
-79.23837929999999,43.24698629999998,1
-79.2420529,43.24704279999999,1
-79.24609760000001,43.2470984,1
-79.2495025,43.24714499999999,1
-79.2501664,43.247154,1
-79.25252069999999,43.247203600000006,1
-79.2561017,43.2472606,1
-79.26099479999999,43.2473382,1
-79.265372,43.2474058,1
-79.2691468,43.2474639,1
-79.2756172,43.247563099999994,1
-79.2814552,43.2476479,1
-79.2900829,43.2477776,1
-79.3188955,43.2482106,1
-79.319274,43.2344537,1
-79.3195209,43.22545129999999,1
-79.3200143,43.2074486,1
-79.3204727,43.1894582,1
-79.3177673,43.185043600000014,1
-79.3253592,43.1834697,1
-79.32755879999999,43.183309699999995,1
-79.3432054,43.1821702,1
-79.3616983,43.183893999999995,1
-79.3620887,43.183930399999994,1
-79.3723828,43.1877055,1
-79.38046589999999,43.19066850000001,1
-79.3853723,43.192466499999995,1
-79.3898806,43.193810500000005,1
-79.3959223,43.1956111,1
-79.404372,43.1981019,1
-79.4048479,43.19824219999999,1
-79.4093991,43.1995833,1
-79.4367522,43.1993661,1
-79.45741679999999,43.19897300000001,1
-79.473592,43.1987709,1
-79.5,43.1985737,1
-79.5000021,43.1985737,1
-79.513261,43.19847180000001,1
-79.51334279999999,43.2002712,1
-79.5181291,43.2002934,1
-79.520309,43.200303299999995,1
-79.52303049999999,43.2003157,1
-79.5256886,43.20121029999999,1
-79.5263998,43.2014496,1
-79.52748749999999,43.2018156,1
-79.5288059,43.2022593,1
-79.5311421,43.20304529999999,1
-79.5370133,43.205020399999995,1
-79.5386307,43.20556439999999,1
-79.5431413,43.2070813,1
-79.5457864,43.20797059999999,1
-79.5485818,43.2089104,1
-79.55144949999999,43.20983329999999,1
-79.5555672,43.209944,1
-79.5578573,43.209973,1
-79.560084,43.2100012,1
-79.5636382,43.2100471,1
-79.5661415,43.2100793,1
-79.56998639999999,43.2101287,1
-79.5701278,43.2101305,1
-79.5704621,43.2101348,1
-79.5793264,43.210241499999995,1
-79.5945533,43.2191698,1
-79.6187941,43.2333717,1
-79.62204969999999,43.226281,1
-79.62208749999999,43.2263077,1
-79.6221843,43.22638089999999,1
-79.6222465,43.2263546,1
-79.622267,43.2262973,1
-79.62237789999999,43.225987,1
-79.6224185,43.22593760000001,1
-79.6228253,43.2260866,1
-79.622793,43.2261451,1
-79.62279079999999,43.226244099999995,1
-79.62287669999999,43.2262541,1
-79.6229151,43.2261916,1
-79.6229524,43.226174,1
-79.62307559999999,43.2261755,1
-79.6231367,43.226194199999995,1
-79.62340549999999,43.2262875,1
-79.6237226,43.22644240000001,1
-79.6239224,43.22654000000001,1
-79.6239536,43.2265552,1
-79.6242333,43.22671169999999,1
-79.6249283,43.227017200000006,1
-79.62498889999999,43.2270629,1
-79.625025,43.22709939999999,1
-79.6252326,43.2271739,1
-79.6255374,43.22731259999999,1
-79.62567159999999,43.2273683,1
-79.6260003,43.22753429999999,1
-79.626036,43.227588800000014,1
-79.62604809999999,43.227597899999985,1
-79.6261339,43.227616999999995,1
-79.6263046,43.22769100000001,1
-79.62641359999999,43.2277734,1
-79.6264368,43.227836700000005,1
-79.62643659999999,43.2278457,1
-79.62663239999999,43.22790210000001,1
-79.62676619999999,43.2279757,1
-79.62688829999999,43.2280222,1
-79.62700939999999,43.2281137,1
-79.6270208,43.2281499,1
-79.62704529999999,43.2281592,1
-79.6272045,43.2281971,1
-79.62737539999999,43.2282622,1
-79.6276311,43.2283913,1
-79.6276804,43.2283919,1
-79.62794939999999,43.2284762,1
-79.628551,43.2285554,1
-79.62900669999999,43.2285519,1
-79.6292544,43.2284918,1
-79.62941579999999,43.2284307,1
-79.62965109999999,43.22837050000001,1
-79.6299724,43.2283203,1
-79.6304534,43.228290099999995,1
-79.6305402,43.22826409999999,1
-79.6307511,43.228194599999995,1
-79.630951,43.228061900000014,1
-79.6314598,43.2278879,1
-79.6317193,43.227846,1
-79.6321993,43.227860799999995,1
-79.6322735,43.2278436,1
-79.6322983,43.2278349,1
-79.6324231,43.2277644,1
-79.63246389999999,43.2277496,1
-79.6328327,43.22761620000001,1
-79.6331443,43.2274488,1
-79.6334035,43.227424899999995,1
-79.6334406,43.22741639999999,1
-79.6336759,43.227356099999994,1
-79.6338858,43.2273316,1
-79.6339966,43.2273329,1
-79.6340214,43.2273242,1
-79.6342208,43.2272186,1
-79.63444319999999,43.2271852,1
-79.6346781,43.227143,1
-79.63481569999999,43.2270456,1
-79.6351622,43.2269687,1
-79.63528629999999,43.226925099999995,1
-79.6354097,43.2269176,1
-79.63552,43.226936900000005,1
-79.6356082,43.2268479,1
-79.63570829999999,43.226777100000014,1
-79.636055,43.2266912,1
-79.6365846,43.226688499999995,1
-79.6366594,43.2266443,1
-79.6367593,43.2265825,1
-79.6369577,43.2265218,1
-79.6372544,43.2264714,1
-79.6374889,43.2264471,1
-79.63757520000001,43.2264392,1
-79.63789729999999,43.226352899999995,1
-79.6379652,43.22633690000001,1
-79.6384791,43.2262158,1
-79.63887559999999,43.2261035,1
-79.63918559999999,43.2260081,1
-79.6394092,43.2259207,1
-79.6395702,43.2258776,1
-79.639928,43.22584580000001,1
-79.6402876,43.2257331,1
-79.6404606,43.2257081,1
-79.6407072,43.225693,1
-79.6407574,43.2256486,1
-79.6409302,43.2256326,1
-79.64102969999999,43.2255888,1
-79.6412694,43.2253305,1
-79.641294,43.2253308,1
-79.6414546,43.2253057,1
-79.64162689999999,43.2253077,1
-79.64194839999999,43.2252485,1
-79.64224469999999,43.225216,1
-79.6423557,43.225208299999984,1
-79.64283879999999,43.225079,1
-79.6431221,43.2250734,1
-79.64345589999999,43.22501430000001,1
-79.643877,43.224902199999995,1
-79.644682,43.22469570000001,1
-79.6449043,43.224662300000006,1
-79.6451396,43.224602,1
-79.6453382,43.2245323,1
-79.6464799,43.2241316,1
-79.64671539999999,43.2240624,1
-79.6470247,43.223994,1
-79.6473355,43.2238626,1
-79.6475336,43.2238109,1
-79.6477683,43.22377769999999,1
-79.6480272,43.22376279999999,1
-79.6484001,43.2236051,1
-79.6487468,43.22351909999999,1
-79.648994,43.223476999999995,1
-79.6491427,43.2234338,1
-79.6494135,43.223437,1
-79.64962489999999,43.2233404,1
-79.65013239999999,43.2232203,1
-79.6502438,43.22319460000001,1
-79.65093399999999,43.22316680000001,1
-79.6511307,43.2231781,1
-79.6513154,43.2231803,1
-79.652301,43.2231558,1
-79.6524979,43.2231582,1
-79.65309,43.2231111,1
-79.65321349999999,43.2230946,1
-79.653386,43.22308760000001,1
-79.6534482,43.2230613,1
-79.6535609,43.2229726,1
-79.6535734,43.2229637,1
-79.65362309999999,43.2229463,1
-79.6541403,43.22294340000001,1
-79.6549891,43.2229804,1
-79.6552952,43.223056,1
-79.6554918,43.22307640000001,1
-79.65587099999999,43.2231889,1
-79.6560676,43.2232092,1
-79.6562386,43.2232742,1
-79.6564717,43.223313,1
-79.6568642,43.2233806,1
-79.6574638,43.2235497,1
-79.6577825,43.223616500000006,1
-79.6581999,43.2236754,1
-79.6588001,43.2238175,1
-79.6590566,43.2239106,1
-79.6593503,43.2239951,1
-79.6599025,43.2240826,1
-79.66012250000001,43.22415720000001,1
-79.66034350000001,43.2241868,1
-79.6604165,43.2242237,1
-79.66044099999999,43.224233,1
-79.66061309999999,43.224244000000006,1
-79.66076029999999,43.2242727,1
-79.6609189,43.2243376,1
-79.6615063,43.2245066,1
-79.66173859999999,43.22458130000001,1
-79.661763,43.2245906,1
-79.6619596,43.224610899999995,1
-79.662143,43.22466710000001,1
-79.66246009999999,43.22480589999999,1
-79.6626563,43.2248442,1
-79.6628398,43.2249004,1
-79.6631446,43.225038999999995,1
-79.6635598,43.2251969,1
-79.6636939,43.225261499999995,1
-79.6646231,43.2255605,1
-79.66509909999999,43.22575520000001,1
-79.66523459999999,43.2257568,1
-79.66531599999999,43.2257612,1
-79.6654436,43.225768200000005,1
-79.6656744,43.225915,1
-79.6662963,43.226192399999995,1
-79.6675017,43.22681870000001,1
-79.6675869,43.22686470000001,1
-79.66789179999999,43.2270033,1
-79.6683537,43.227278899999995,1
-79.66886509999999,43.22754599999999,1
-79.6700197,43.2282437,1
-79.67020149999999,43.2283809,1
-79.6708457,43.2287666,1
-79.6713694,43.2290338,1
-79.6715029,43.22912540000001,1
-79.6720467,43.2295999,1
-79.6727145,43.230039899999994,1
-79.673114,43.230359700000015,1
-79.6735271,43.2306166,1
-79.67374629999999,43.2307273,1
-79.67379600000001,43.23070980000001,1
-79.6739255,43.23066679999999,1
-79.67403159999999,43.2306315,1
-79.6741315,43.230569599999995,1
-79.67426689999999,43.23057120000001,1
-79.67448759999999,43.230618799999995,1
-79.6752577,43.2308798,1
-79.6754639,43.2310263,1
-79.675708,43.2311282,1
-79.67585430000001,43.2311929,1
-79.67604840000001,43.231330199999995,1
-79.6762554,43.2314407,1
-79.6767035,43.231787999999995,1
-79.67692339999999,43.2318716,1
-79.6770457,43.231908999999995,1
-79.6772048,43.2319559,1
-79.6783626,43.232518600000006,1
-79.6785209,43.2326014,1
-79.6785816,43.2326382,1
-79.67908159999999,43.232869099999995,1
-79.6790937,43.232878199999995,1
-79.6798152,43.2331116,1
-79.6798885,43.23313949999999,1
-79.68034039999999,43.2333158,1
-79.6806709,43.2334097,1
-79.68078109999999,43.2334379,1
-79.68093999999999,43.2334938,1
-79.6811601,43.2335684,1
-79.6812333,43.23359619999999,1
-79.6813193,43.2336062,1
-79.68145439999999,43.2336258,1
-79.68207919999999,43.2337771,1
-79.6822641,43.23377019999999,1
-79.6824365,43.233772199999976,1
-79.6828046,43.2338304,1
-79.68291570000001,43.2338227,1
-79.6830149,43.233787799999995,1
-79.6831627,43.2337895,1
-79.6837623,43.23396749999999,1
-79.6840189,43.2340605,1
-79.6843756,43.2340826,1
-79.6845235,43.2340753,1
-79.68469689999999,43.2340323,1
-79.6849826,43.2339185,1
-79.68515529999999,43.2339025,1
-79.68546309999999,43.2339061,1
-79.68573339999999,43.233936199999995,1
-79.6859169,43.23399229999998,1
-79.68651849999999,43.2340802,1
-79.6867274,43.23410070000001,1
-79.6873665,43.234162,1
-79.6877208,43.2342922,1
-79.6881624,43.234378199999995,1
-79.6885298,43.234472499999995,1
-79.68871349999999,43.2345197,1
-79.6893053,43.2347246,1
-79.68938589999999,43.2347525,1
-79.6894222,43.23477990000001,1
-79.6896769,43.234962899999985,1
-79.6898851,43.2350193,1
-79.69052529999999,43.2350266,1
-79.6912725,43.23521530000001,1
-79.69160169999999,43.2353721,1
-79.6918705,43.2354743,1
-79.6922862,43.2356141,1
-79.6924707,43.2356252,1
-79.6927283,43.235673199999994,1
-79.6927406,43.2356733,1
-79.6928636,43.2356837,1
-79.6929372,43.2356936,1
-79.6931462,43.23571400000001,1
-79.69339049999999,43.2358068,1
-79.6934888,43.2358169,1
-79.6935869,43.2358361,1
-79.69378429999999,43.23582029999999,1
-79.6943369,43.235898600000006,1
-79.6945092,43.2359006,1
-79.6945463,43.23589199999999,1
-79.6946518,43.2358608,1
-79.69486859999999,43.235796699999995,1
-79.6950787,43.235763,1
-79.6954608,43.2357494,1
-79.6960912,43.2356395,1
-79.6961778,43.2356225,1
-79.6961901,43.23562260000001,1
-79.6964121,43.23560710000001,1
-79.6966588,43.235592,1
-79.6969179,43.235567899999985,1
-79.6969302,43.235568000000015,1
-79.697152,43.2355616,1
-79.6972136,43.235562300000005,1
-79.6973494,43.2355458,1
-79.69755909999999,43.235530200000014,1
-79.6979285,43.2355344,1
-79.6981624,43.235537000000015,1
-79.6981994,43.2355375,1
-79.698667,43.2355518,1
-79.6991336,43.2356201,1
-79.6995266,43.2356696,1
-79.699711,43.235689699999995,1
-79.7000439,43.2356665,1
-79.7004864,43.2357075,1
-79.7007208,43.23569220000001,1
-79.70095700000002,43.2355868,1
-79.7011784,43.2355984,1
-79.70137410000001,43.235663599999995,1
-79.7014109,43.235673,1
-79.7017541,43.235749,1
-79.7028122,43.235797000000005,1
-79.70302149999999,43.2357994,1
-79.7031452,43.2357737,1
-79.7033543,43.23578510000001,1
-79.703575,43.235832599999995,1
-79.7038582,43.23583580000001,1
-79.7039575,43.235800999999995,1
-79.7040825,43.23571229999999,1
-79.70428009999999,43.2356876,1
-79.70456159999999,43.2357718,1
-79.70463560000002,43.235763600000006,1
-79.70504609999999,43.2355702,1
-79.70527059999999,43.2354376,1
-79.7055051,43.2354133,1
-79.7058124,43.2354438,1
-79.7063397,43.2355488,1
-79.7065239,43.2355779,1
-79.7065362,43.235578,1
-79.7069777,43.23566410000001,1
-79.70833619999999,43.2360666,1
-79.70885109999999,43.2361805,1
-79.7090468,43.2362457,1
-79.7092919,43.236302500000015,1
-79.7095732,43.2363957,1
-79.70997679999999,43.2365263,1
-79.71031839999999,43.2366833,1
-79.7104531,43.236720800000015,1
-79.7107238,43.2367329,1
-79.7109196,43.23678910000001,1
-79.71099319999999,43.236807899999995,1
-79.7115548,43.2370394,1
-79.71206699999999,43.23727929999999,1
-79.7124089,43.2374182,1
-79.712873,43.237603499999985,1
-79.7131187,43.237633300000006,1
-79.7131551,43.2376607,1
-79.71378729999999,43.23805500000001,1
-79.7138484,43.2380737,1
-79.7138482,43.2380827,1
-79.7140447,43.23811189999999,1
-79.7141544,43.2381672,1
-79.7142767,43.2382046,1
-79.7144963,43.23830610000001,1
-79.7145567,43.238360799999995,1
-79.71491209999999,43.2384458,1
-79.7152074,43.2384582,1
-79.7154121,43.2385002,1
-79.7156244,43.2385439,1
-79.7165271,43.23895919999999,1
-79.71713629999999,43.2392722,1
-79.7178198,43.23956799999999,1
-79.7184063,43.2397907,1
-79.7190287,43.2400678,1
-79.7195527,43.2403348,1
-79.7200762,43.2406288,1
-79.72055189999999,43.2408503,1
-79.7210632,43.24113510000001,1
-79.7213311,43.2412822,1
-79.7217809,43.241566299999995,1
-79.722279,43.24189609999999,1
-79.722875,43.2422539,1
-79.7232995,43.2425738,1
-79.7233485,43.2425834,1
-79.7237737,43.2428672,1
-79.7240302,43.2429692,1
-79.7244711,43.243091100000015,1
-79.7248991,43.243239999999986,1
-79.7251196,43.2432965,1
-79.7252784,43.2433613,1
-79.7254609,43.2434714,1
-79.7256202,43.2435092,1
-79.7259505,43.24362089999999,1
-79.7260131,43.243567600000006,1
-79.7261721,43.2436234,1
-79.7267947,43.243891399999995,1
-79.7269906,43.2439476,1
-79.7270029,43.2439478,1
-79.72717349999999,43.244039699999995,1
-79.7272828,43.244113,1
-79.7273447,43.244095699999995,1
-79.7274936,43.244043299999994,1
-79.7276412,43.2440539,1
-79.72783749999999,43.24409210000001,1
-79.7278623,43.2440834,1
-79.7280954,43.24413100000001,1
-79.7282903,43.2442322,1
-79.728657,43.2443714,1
-79.72870830000001,43.24427290000001,1
-79.7288066,43.244283,1
-79.7292923,43.24448830000001,1
-79.7293316,43.244504899999995,1
-79.729661,43.244661699999995,1
-79.72991789999999,43.24474560000001,1
-79.7299543,43.24477299999999,1
-79.7300886,43.2448285,1
-79.73072280000001,43.2451327,1
-79.73084419999999,43.2452151,1
-79.73091810000001,43.2452159,1
-79.73101659999999,43.245217,1
-79.7311268,43.2452542,1
-79.7312486,43.2453186,1
-79.7314195,43.245392499999994,1
-79.7316292,43.2453769,1
-79.7317643,43.2453964,1
-79.7318744,43.2454336,1
-79.7319346,43.2454973,1
-79.7321192,43.2455084,1
-79.7322414,43.245554700000014,1
-79.7324972,43.245692600000005,1
-79.73256049999999,43.2456123,1
-79.7325984,43.245567699999995,1
-79.73268589999999,43.24550560000001,1
-79.73299410000001,43.24549100000001,1
-79.7333376,43.2455579,1
-79.73340999999999,43.24563069999999,1
-79.7334216,43.2456669,1
-79.73348279999999,43.24568550000001,1
-79.7336947,43.24556180000001,1
-79.7339657,43.2455648,1
-79.73397609999999,43.2455679,1
-79.73407259999999,43.24572770000001,1
-79.74034069999999,43.25001349999999,1
-79.74040169999999,43.25005530000001,1
-79.74902639999999,43.2560697,1
-79.7666181,43.2683304,1
-79.7692665,43.270159799999995,1
-79.7737993,43.2732902,1
-79.7767365,43.275318299999995,1
-79.7771039,43.2758639,1
-79.7786208,43.278116,1
-79.77928039999999,43.27909520000001,1
-79.78014999999999,43.280386199999995,1
-79.7804749,43.280909099999995,1
-79.7816185,43.2827498,1
-79.7827709,43.2846046,1
-79.78368449999999,43.286075,1
-79.7855336,43.2890505,1
-79.7857008,43.2893196,1
-79.7859643,43.28974359999999,1
-79.78795269999999,43.29294290000001,1
-79.79235179999999,43.3000194,1
-79.7924419,43.3001642,1
-79.792673,43.30053579999999,1
-79.7929563,43.3008755,1
-79.7931692,43.301130699999995,1
-79.79312949999999,43.30126999999999,1
-79.7967547,43.3171309,1
-79.79692320000001,43.31786760000001,1
-79.7916166,43.3210151,1
-79.7897404,43.3222756,1
-79.78886609999999,43.322863,1
-79.7887707,43.322927000000014,1
-79.7860736,43.3247387,1
-79.78511510000001,43.3253825,1
-79.7845494,43.3257625,1
-79.78065339999999,43.3278508,1
-79.7788503,43.3288172,1
-79.7785169,43.3289959,1
-79.7770967,43.329757,1
-79.7768663,43.3298805,1
-79.77479919999999,43.3309882,1
-79.769986,43.3338095,1
-79.7670663,43.335853099999994,1
-79.76322259999999,43.33854289999999,1
-79.7568831,43.343033,1
-79.7564106,43.34331549999999,1
-79.7549396,43.34447659999999,1
-79.7533971,43.34569410000001,1
-79.75140990000001,43.3472624,1
-79.7483223,43.349386300000006,1
-79.7469438,43.3503344,1
-79.7434454,43.3529263,1
-79.73913019999999,43.35612270000001,1
-79.73157839999999,43.3600676,1
-79.72876889999999,43.361919599999986,1
-79.7281769,43.362395,1
-79.72493879999999,43.3649952,1
-79.7201808,43.36881520000001,1
-79.7203517,43.3689311,1
-79.7148236,43.3735246,1
-79.7140601,43.3741589,1
-79.7109749,43.3767218,1
-79.7098527,43.37765400000001,1
-79.7018476,43.3840589,1
-79.7001671,43.3854029,1
-79.6988674,43.38644229999999,1
-79.6985409,43.386703399999995,1
-79.696882,43.3880346,1
-79.6967861,43.388109799999995,1
-79.6957881,43.3888932,1
-79.6942724,43.3900829,1
-79.69277869999999,43.3912543,1
-79.69248209999999,43.3914868,1
-79.6911057,43.39256610000001,1
-79.68762219999999,43.3953172,1
-79.68428039999999,43.39794639999999,1
-79.68321929999999,43.398781,1
-79.67910979999999,43.4026595,1
-79.67577779999999,43.4058036,1
-79.6736519,43.408489,1
-79.67083769999999,43.4120433,1
-79.6677952,43.4158852,1
-79.6659478,43.41856069999999,1
-79.6629069,43.422964,1
-79.66218099999999,43.4240151,1
-79.66063419999999,43.4262544,1
-79.65347969999999,43.4369782,1
-79.6522324,43.43871870000001,1
-79.6516141,43.4395814,1
-79.65077050000001,43.4407585,1
-79.6505272,43.44109789999998,1
-79.64966849999999,43.4423183,1
-79.6488691,43.4434544,1
-79.6482491,43.444335500000015,1
-79.6468984,43.4462549,1
-79.64517950000001,43.448761899999994,1
-79.6447414,43.449336599999995,1
-79.6419355,43.453016700000006,1
-79.6401046,43.4554177,1
-79.63351999999999,43.46393,1
-79.62887020000001,43.466873799999995,1
-79.6277114,43.46760739999999,1
-79.6263049,43.4684977,1
-79.6247678,43.4694706,1
-79.61955929999999,43.4727669,1
-79.6161644,43.474915,1
-79.61601189999999,43.4750515,1
-79.6003472,43.4894822,1
-79.60026820000002,43.48955499999999,1
-79.5969976,43.4925666,1
-79.5899067,43.4990943,1
-79.5888516,43.5000655,1
-79.5888337,43.5000819,1
-79.5773093,43.5106858,1
-79.5771152,43.5108644,1
-79.5728007,43.5148473,1
-79.56485959999999,43.522175999999995,1
-79.56128799999999,43.52547120000001,1
-79.5565177,43.5298715,1
-79.5550044,43.53117290000001,1
-79.5543864,43.5317042,1
-79.55295559999999,43.5329344,1
-79.5496884,43.5359096,1
-79.5488744,43.53665079999999,1
-79.5466668,43.5386607,1
-79.5457572,43.5394888,1
-79.5411886,43.5436543,1
-79.54000909999999,43.5450613,1
-79.5352703,43.5493099,1
-79.5309125,43.55321620000001,1
-79.5274426,43.5563259,1
-79.5252635,43.5582786,1
-79.5238174,43.559574399999995,1
-79.5231115,43.5602068,1
-79.5229596,43.56034289999999,1
-79.51928819999999,43.5633139,1
-79.5080911,43.57525769999998,1
-79.5017987,43.582807800000005,1
-79.50000779999999,43.5849562,1
-79.5,43.5849655,1
-79.4998321,43.5851669,1
-79.4988868,43.5863008,1
-79.4984802,43.5867885,1
-79.4975942,43.5878512,1
-79.4964085,43.589273200000015,1
-79.4950387,43.590916,1
-79.4945133,43.591546,1
-79.4941129,43.59202609999999,1
-79.4934761,43.5927897,1
-79.4907525,43.5953581,1
-79.4904186,43.595673,1
-79.4838389,43.6018761,1
-79.47691499999999,43.6084016,1
-79.47552189999999,43.61005730000001,1
-79.4728512,43.613230900000005,1
-79.4703644,43.61618569999999,1
-79.4699037,43.616732899999995,1
-79.4686552,43.6182163,1
-79.4681628,43.6188011,1
-79.46736489999999,43.619748999999985,1
-79.4673179,43.6198048,1
-79.466973,43.6202145,1
-79.46375920000001,43.623671300000005,1
-79.46493149999999,43.6252288,1
-79.4649424,43.6252433,1
-79.465734,43.6262949,1
-79.46967719999999,43.631532599999986,1
-79.46967699999999,43.63153279999998,1
-79.4695034,43.6316541,1
-79.46733929999999,43.6331612,1
-79.46347589999999,43.63407159999999,1
-79.4580556,43.6353485,1
-79.4551542,43.635451,1
-79.4531119,43.635157700000015,1
-79.4467633,43.6342455,1
-79.4413312,43.6319789,1
-79.4342673,43.6290305,1
-79.42567199999999,43.62548180000001,1
-79.4251938,43.6255625,1
-79.4248722,43.6247826,1
-79.4165158,43.626158499999995,1
-79.41651449999999,43.6261583,1
-79.4130265,43.626594,1
-79.4117172,43.6267575,1
-79.4116738,43.6267764,1
-79.4083783,43.6272758,1
-79.4061419,43.62761460000001,1
-79.4061093,43.6276379,1
-79.4059896,43.6272981,1
-79.4052799,43.6252824,1
-79.4010047,43.62597430000001,1
-79.394611,43.619271399999995,1
-79.39313229999999,43.6122476,1
-79.38963059999999,43.6103651,1
-79.38367269999999,43.610382799999996,1
-79.3761519,43.6133148,1
-79.37090789999999,43.6144064,1
-79.3679765,43.6169696,1
-79.3606585,43.62211610000001,1
-79.35597709999999,43.6253706,1
-79.3494573,43.6182026,1
-79.3441971,43.6124665,1
-79.34416,43.6124261,1
-79.3437395,43.6108093,1
-79.343018,43.6111806,1
-79.3428008,43.6112816,1
-79.33928639999999,43.61291409999999,1
-79.3303273,43.6218016,1
-79.3264847,43.6262449,1
-79.3165782,43.626092699999994,1
-79.318468,43.6466388,1
-79.3184866,43.6468406,1
-79.3142069,43.6483102,1
-79.31347769999999,43.648560499999995,1
-79.3057934,43.653916599999995,1
-79.3045705,43.6547689,1
-79.30312049999999,43.6557792,1
-79.3008287,43.65737610000001,1
-79.2994602,43.6600689,1
-79.2980156,43.662910999999994,1
-79.2978749,43.6631877,1
-79.2975364,43.6638537,1
-79.29359869999999,43.665978800000005,1
-79.2933338,43.6661217,1
-79.292581,43.6665279,1
-79.29224889999999,43.66670709999998,1
-79.2915625,43.6669297,1
-79.29050029999999,43.6672741,1
-79.2891382,43.6677158,1
-79.28811259999999,43.668048299999995,1
-79.285984,43.668738399999995,1
-79.284489,43.669223,1
-79.2834166,43.66930819999999,1
-79.2791702,43.6696451,1
-79.2789978,43.6698223,1
-79.2784574,43.6703785,1
-79.2784544,43.67038150000001,1
-79.2784521,43.6703839,1
-79.26880729999999,43.6802778,1
-79.2688014,43.6802838,1
-79.2685,43.680592999999995,1
-79.2683442,43.6807528,1
-79.2660375,43.6830226,1
-79.26469999999999,43.6843386,1
-79.2622087,43.6867896,1
-79.2610121,43.68796670000001,1
-79.26063030000002,43.6880965,1
-79.2513292,43.692239,1
-79.2420266,43.696023100000005,1
-79.2326149,43.699838199999995,1
-79.2282093,43.7040455,1
-79.22722689999999,43.7049568,1
-79.2256355,43.7064331,1
-79.2215751,43.7101991,1
-79.22137939999999,43.710891,1
-79.22080749999999,43.712912499999995,1
-79.21851629999999,43.7210099,1
-79.2137743,43.725968599999995,1
-79.2129685,43.726619199999995,1
-79.2128257,43.726734099999994,1
-79.21240879999999,43.7270697,1
-79.2122467,43.7272002,1
-79.2040584,43.7334688,1
-79.1979976,43.73813759999999,1
-79.19722159999999,43.7387352,1
-79.1960307,43.739652500000005,1
-79.1949836,43.74044929999999,1
-79.1926804,43.7421729,1
-79.1893978,43.74462929999999,1
-79.18795879999999,43.74540750000001,1
-79.1873592,43.7457318,1
-79.18254929999999,43.7483325,1
-79.1793623,43.750055499999995,1
-79.1793517,43.7500612,1
-79.1793314,43.7500722,1
-79.1780637,43.7507592,1
-79.17748519999999,43.751072699999995,1
-79.172872,43.753572200000015,1
-79.17038610000002,43.7545869,1
-79.169304,43.75488749999999,1
-79.1564334,43.7584624,1
-79.15520280000001,43.758509,1
-79.15236589999999,43.7586162,1
-79.1503339,43.7600421,1
-79.1455915,43.7656045,1
-79.1441478,43.7662296,1
-79.1429098,43.7672513,1
-79.14065579999999,43.7691115,1
-79.13666409999999,43.7724051,1
-79.134887,43.77387119999999,1
-79.1341048,43.7745165,1
-79.1321918,43.7762606,1
-79.1279349,43.7801412,1
-79.1246585,43.78320749999999,1
-79.1190938,43.7884143,1
-79.113467,43.7937786,1
-79.1100508,43.7966483,1
-79.1075876,43.79867039999999,1
-79.10207779999999,43.80328939999999,1
-79.097636,43.806007099999995,1
-79.0919552,43.809482,1
-79.0858837,43.809683199999995,1
-79.08377899999999,43.80970939999999,1
-79.077043,43.807750299999995,1
-79.07284369999999,43.8059126,1
-79.06041139999999,43.8057235,1
-79.056497,43.80774590000001,1
-79.05599459999999,43.80800539999999,1
-79.04508299999999,43.8138838,1
-79.0383765,43.81524489999999,1
-79.0386882,43.8160501,1
-79.03866040000001,43.81605179999999,1
-79.0375407,43.8160686,1
-79.0372561,43.8160276,1
-79.0368214,43.816011200000005,1
-79.0365566,43.8161237,1
-79.0363818,43.8161477,1
-79.0360717,43.8161243,1
-79.03589649999999,43.81615729999999,1
-79.03566959999999,43.8162525,1
-79.0354258,43.81648239999999,1
-79.0350589,43.8166742,1
-79.0349676,43.8167469,1
-79.03447349999999,43.8166959,1
-79.0342264,43.8166704,1
-79.03422599999999,43.816668799999995,1
-79.034078,43.816630300000014,1
-79.0324894,43.816539899999995,1
-79.0289488,43.8164428,1
-79.02767089999999,43.8163578,1
-79.0263844,43.8161555,1
-79.0253352,43.8159213,1
-79.0248917,43.815796600000006,1
-79.024357,43.81579629999999,1
-79.0237076,43.8158841,1
-79.0234052,43.8160049,1
-79.0231388,43.8161624,1
-79.0226041,43.8165403,1
-79.02197,43.8169165,1
-79.0195997,43.8179018,1
-79.0186579,43.8181826,1
-79.01831899999999,43.81832710000001,1
-79.01819119999999,43.81838159999999,1
-79.01767219999999,43.818660699999995,1
-79.01613329999999,43.81931830000001,1
-79.0152414,43.819590900000016,1
-79.0144043,43.8197114,1
-79.0138439,43.8197376,1
-79.01344680000001,43.8197127,1
-79.013103,43.8195807,1
-79.01264309999999,43.8195727,1
-79.0123812,43.819595199999995,1
-79.0121724,43.819583300000005,1
-79.01146279999999,43.8195432,1
-79.0111494,43.8196188,1
-79.01093279999999,43.819776999999995,1
-79.0107685,43.819855200000006,1
-79.0103603,43.8201632,1
-79.00900310000002,43.8209679,1
-79.0086742,43.8211332,1
-79.00795,43.82159780000001,1
-79.00737989999999,43.821912,1
-79.0066238,43.822213900000015,1
-79.00581729999999,43.82253300000001,1
-79.00548839999999,43.8226983,1
-79.00504360000001,43.8229876,1
-79.0039931,43.8235365,1
-79.0031096,43.823926199999995,1
-79.00162759999999,43.82473770000001,1
-79.0012999,43.824867,1
-79.00102129999999,43.8250152,1
-79.00059670000002,43.8250708,1
-79.0003357,43.82506620000001,1
-79.00000949999999,43.825150500000014,1
-79,43.82515600000001,1
-78.9996164,43.8253777,1
-78.99949269999999,43.8254926,1
-78.99932120000001,43.8256517,1
-78.99844619999999,43.826158500000005,1
-78.9979412,43.826383799999995,1
-78.9975283,43.8264576,1
-78.9968336,43.8267785,1
-78.9965223,43.8267911,1
-78.99550560000002,43.8270704,1
-78.9952912,43.8271567,1
-78.9945898,43.8273064,1
-78.99410259999999,43.8273699,1
-78.99366789999999,43.8273532,1
-78.993369,43.827366,1
-78.9931811,43.82740770000001,1
-78.99294429999999,43.82742160000001,1
-78.9917638,43.827391800000015,1
-78.9913033,43.8274017,1
-78.9908207,43.8273302,1
-78.9906707,43.8273546,1
-78.9905685,43.827433799999994,1
-78.9905058,43.8274507,1
-78.9895651,43.8274621,1
-78.98898790000001,43.82746899999999,1
-78.9869386,43.8273879,1
-78.9860965,43.827283,1
-78.9856066,43.8272665,1
-78.9853045,43.827126799999995,1
-78.98530579999999,43.827124999999995,1
-78.98517,43.827095599999986,1
-78.98474499999999,43.8271602,1
-78.9836515,43.82713189999999,1
-78.9831895,43.8271867,1
-78.9822813,43.8275669,1
-78.98195179999999,43.8277501,1
-78.98139909999999,43.8279114,1
-78.9810875,43.8279329,1
-78.98054119999999,43.8279053,1
-78.9803269,43.82799150000001,1
-78.9801362,43.8281142,1
-78.97955569999999,43.82836500000001,1
-78.978762,43.8286661,1
-78.9780923,43.8289784,1
-78.977891,43.8290468,1
-78.97705760000001,43.8294192,1
-78.9767531,43.8295939,1
-78.9765012,43.8296885,1
-78.9763354,43.8298116,1
-78.9753719,43.8303527,1
-78.9748631,43.830685900000006,1
-78.9745351,43.8308241,1
-78.9739651,43.8311291,1
-78.9735994,43.8312757,1
-78.9732186,43.831503,1
-78.9728154,43.8316579,1
-78.9726374,43.83177180000001,1
-78.9720746,43.83223,1
-78.97153519999999,43.8327337,1
-78.9713566,43.8328655,1
-78.9712526,43.8329987,1
-78.9710103,43.833174500000005,1
-78.970604,43.8334194,1
-78.970501,43.833494,1
-78.9696094,43.834140000000005,1
-78.9691508,43.8348251,1
-78.9685207,43.835435200000006,1
-78.9679996,43.83612819999998,1
-78.96724329999999,43.83679,1
-78.9668805,43.83721570000001,1
-78.96640409999999,43.8376934,1
-78.96632699999999,43.83776409999999,1
-78.9655791,43.838543099999995,1
-78.96515819999999,43.838850699999995,1
-78.9649895,43.8390548,1
-78.9646425,43.8393817,1
-78.9642343,43.8396806,1
-78.9630827,43.8406234,1
-78.96240759999999,43.8410885,1
-78.9615511,43.8417666,1
-78.9611307,43.842056199999995,1
-78.96044739999999,43.8423951,1
-78.9599528,43.8426744,1
-78.9593859,43.84288029999999,1
-78.9585513,43.84327960000001,1
-78.95828709999999,43.84336489999998,1
-78.95714799999999,43.8439388,1
-78.9564662,43.8442327,1
-78.9558835,43.8445374,1
-78.9552673,43.8447334,1
-78.95452949999999,43.8448463,1
-78.9542771,43.844949799999995,1
-78.9540754,43.8450272,1
-78.9534613,43.8451603,1
-78.9530707,43.8453063,1
-78.952834,43.8454381,1
-78.9523025,43.8453426,1
-78.9522862,43.8453283,1
-78.95203810000001,43.8453059,1
-78.9518377,43.8453473,1
-78.95162169999999,43.8454785,1
-78.9514212,43.8455199,1
-78.95116829999999,43.8456414,1
-78.9506816,43.845686699999995,1
-78.950614,43.8457156,1
-78.9503199,43.84576469999999,1
-78.9503058,43.845761,1
-78.9495822,43.84582,1
-78.949332,43.845860499999986,1
-78.94891679999999,43.845838,1
-78.9488353,43.8458336,1
-78.94856089999999,43.8458557,1
-78.9481839,43.845966,1
-78.9473599,43.8460502,1
-78.9470718,43.846108099999995,1
-78.9468076,43.8461933,1
-78.9466454,43.8462084,1
-78.946407,43.84626719999999,1
-78.9447644,43.84628259999998,1
-78.9446904,43.8462633,1
-78.94434940000001,43.8460501,1
-78.9441159,43.8459648,1
-78.9439804,43.8459264,1
-78.9437688,43.8459316,1
-78.9436171,43.846000899999986,1
-78.9435021,43.8460889,1
-78.9432137,43.8461557,1
-78.9425433,43.84647680000001,1
-78.9421414,43.8465866,1
-78.9413352,43.8468782,1
-78.9410949,43.846990899999994,1
-78.9406241,43.8472975,1
-78.94054419999999,43.8474491,1
-78.93979709999999,43.8481919,1
-78.9392731,43.848596699999995,1
-78.93927,43.8486866,1
-78.9391898,43.8488473,1
-78.9388352,43.84939010000001,1
-78.9385663,43.8496103,1
-78.9379201,43.8499596,1
-78.9374381,43.850220199999995,1
-78.93681819999999,43.8505151,1
-78.93674299999999,43.8505318,1
-78.9363355,43.8508035,1
-78.9356937,43.851017000000006,1
-78.9355793,43.851087,1
-78.9352025,43.8511882,1
-78.9340568,43.8512215,1
-78.93346869999999,43.851318899999995,1
-78.9329449,43.8513544,1
-78.9324479,43.85133640000001,1
-78.92909449999999,43.8515278,1
-78.9285909,43.8509785,1
-78.928366,43.84993000000001,1
-78.9284443,43.8498233,1
-78.9284546,43.849526399999995,1
-78.9283542,43.8491915,1
-78.9282473,43.8490455,1
-78.9281886,43.849055,1
-78.92814609999999,43.8490951,1
-78.9271691,43.850018299999995,1
-78.9271691,43.85001810000001,1
-78.9271686,43.8500163,1
-78.9270561,43.850032299999995,1
-78.9271882,43.8505298,1
-78.9271624,43.850556399999995,1
-78.9272232,43.8509536,1
-78.9272714,43.85099949999999,1
-78.9272447,43.8510531,1
-78.92688160000002,43.8511185,1
-78.9266572,43.8511325,1
-78.9257877,43.851089599999995,1
-78.92550299999999,43.8510485,1
-78.9244552,43.85076830000001,1
-78.92370090000001,43.85063759999999,1
-78.9229984,43.8504447,1
-78.9225893,43.8504013,1
-78.9217625,43.850206199999995,1
-78.9214408,43.8501553,1
-78.91978979999999,43.8496931,1
-78.91883899999999,43.84948670000001,1
-78.9174749,43.8490027,1
-78.9166118,43.8487798,1
-78.9163174,43.8486574,1
-78.9159833,43.8486063,1
-78.9154307,43.8483982,1
-78.9146665,43.8481951,1
-78.91445759999999,43.848119299999986,1
-78.9131383,43.8477801,1
-78.91291729999999,43.84769500000001,1
-78.9123119,43.847575899999995,1
-78.9119321,43.8474069,1
-78.9114007,43.84730709999998,1
-78.91085989999999,43.84711720000001,1
-78.9104945,43.8468944,1
-78.91010229999999,43.8467252,1
-78.909605,43.846716099999995,1
-78.90922139999999,43.84665499999999,1
-78.9089753,43.8465785,1
-78.90839129999999,43.8465588,1
-78.9079991,43.84638959999999,1
-78.90756619999999,43.8463186,1
-78.90733279999999,43.846233299999994,1
-78.9070481,43.84619210000001,1
-78.9062158,43.84615880000001,1
-78.906066,43.846174100000006,1
-78.90469960000001,43.846112999999995,1
-78.9032029,43.845869500000006,1
-78.90266059999999,43.845724399999995,1
-78.90234339999999,43.8455476,1
-78.90208539999999,43.8454528,1
-78.9018967,43.84551239999998,1
-78.90123419999999,43.8459594,1
-78.9010321,43.8460457,1
-78.9006898,43.846228499999995,1
-78.9004957,43.846441,1
-78.90057639999999,43.846622499999995,1
-78.90075689999999,43.84679690000001,1
-78.9008035,43.84688779999999,1
-78.9007847,43.8470675,1
-78.9006895,43.8472999,1
-78.9006826,43.8474978,1
-78.900588,43.8477122,1
-78.90032699999999,43.8480585,1
-78.8993903,43.8488696,1
-78.8992603,43.8490293,1
-78.8984026,43.849715800000006,1
-78.89813370000002,43.8499359,1
-78.8975873,43.850259,1
-78.8973317,43.850452399999995,1
-78.8969247,43.850705999999995,1
-78.8963902,43.85104729999999,1
-78.89627449999999,43.851153200000006,1
-78.8953736,43.8516498,1
-78.894424,43.8521185,1
-78.8925234,43.8527407,1
-78.8920844,43.8528406,1
-78.8915323,43.852974499999995,1
-78.89113189999999,43.8530391,1
-78.88995510000001,43.85324249999999,1
-78.8888186,43.853365499999995,1
-78.88861969999999,43.8533619,1
-78.8882951,43.853391900000005,1
-78.88764789999999,43.8533979,1
-78.8864677,43.85334909999998,1
-78.885688,43.853201,1
-78.8856272,43.85318950000001,1
-78.88561,43.8531973,1
-78.8851893,43.853177599999995,1
-78.88513119999999,43.8531443,1
-78.8848105,43.853066299999995,1
-78.8835234,43.8528714,1
-78.88270949999999,43.8526672,1
-78.8821772,43.8525679,1
-78.8821251,43.85239670000001,1
-78.87368579999999,43.83372359999999,1
-78.86865829999999,43.8350742,1
-78.86552209999999,43.83508289999999,1
-78.8587946,43.8351013,1
-78.8544912,43.8351128,1
-78.8521201,43.835119,1
-78.8487691,43.8351277,1
-78.83557739999999,43.8351698,1
-78.82777639999999,43.8352506,1
-78.82262750000001,43.8353036,1
-78.8174887,43.8353561,1
-78.8106943,43.8354252,1
-78.8092212,43.83544330000001,1
-78.7823202,43.83576920000001,1
-78.7956823,43.865786199999995,1
-78.79593109999999,43.8664518,1
-78.7961864,43.8670091,1
-78.7959097,43.8670155,1
-78.7958331,43.8670681,1
-78.7958297,43.867158,1
-78.7957019,43.8675877,1
-78.7956387,43.8676135,1
-78.7948806,43.867923,1
-78.7946992,43.868117599999984,1
-78.7944845,43.8682035,1
-78.7937763,43.868171800000006,1
-78.79302129999999,43.8680582,1
-78.7929719,43.8680482,1
-78.7928463,43.8680818,1
-78.7927343,43.868079599999994,1
-78.7916006,43.8681117,1
-78.7908341,43.86831300000001,1
-78.7898484,43.8687171,1
-78.78964409999999,43.868857200000015,1
-78.7889763,43.8690784,1
-78.788887,43.8691396,1
-78.7884218,43.8692657,1
-78.7882824,43.869335,1
-78.7879701,43.869364999999995,1
-78.7870808,43.8695188,1
-78.7869813,43.8695169,1
-78.78676759999999,43.8695758,1
-78.7864046,43.8696318,1
-78.7861065,43.869617,1
-78.785445,43.86966719999998,1
-78.7850716,43.869668999999995,1
-78.7828155,43.8694271,1
-78.7812761,43.8693252,1
-78.7807548,43.8692881,1
-78.7796402,43.869140400000006,1
-78.7781091,43.868813499999995,1
-78.77737069999999,43.86859200000001,1
-78.77693839999999,43.868502600000014,1
-78.7765552,43.86843210000001,1
-78.7760111,43.86834049999999,1
-78.7756991,43.8683614,1
-78.7744673,43.8683554,1
-78.7731024,43.8682478,1
-78.7725421,43.8682549,1
-78.77146789999999,43.86836,1
-78.7713066,43.8683478,1
-78.77102289999999,43.8682793,1
-78.7710209,43.86833320000001,1
-78.77095740000001,43.868368,1
-78.769862,43.86837359999999,1
-78.7687905,43.8684067,1
-78.7672317,43.8684933,1
-78.7663111,43.8684843,1
-78.7647327,43.8684264,1
-78.7636898,43.868361,1
-78.7632407,43.8683882,1
-78.76249390000001,43.8683916,1
-78.76216889999999,43.8684303,1
-78.7612352,43.868438999999995,1
-78.7608618,43.8684407,1
-78.7599015,43.8684939,1
-78.7594663,43.8684853,1
-78.7583252,43.8683819,1
-78.75561359999999,43.868013500000004,1
-78.7547027,43.86798609999999,1
-78.7538857,43.8679616,1
-78.75284979999999,43.8680402,1
-78.75241249999999,43.8680856,1
-78.7520115,43.86815880000001,1
-78.7515121,43.868203,1
-78.7507286,43.8681875,1
-78.7501925,43.868213,1
-78.7493294,43.86833099999999,1
-78.7486303,43.8683893,1
-78.7463016,43.8687575,1
-78.7454731,43.8689482,1
-78.744668,43.8691754,1
-78.74321189999999,43.8695068,1
-78.7423994,43.8695988,1
-78.74095179999999,43.8697052,1
-78.7399252,43.869865,1
-78.73923789999999,43.869941399999995,1
-78.73831489999999,43.8699952,1
-78.73784189999999,43.8699948,1
-78.7365137,43.8699055,1
-78.7361897,43.869917099999995,1
-78.7345996,43.869840499999995,1
-78.7328246,43.8697153,1
-78.7322422,43.86964969999999,1
-78.7320335,43.869573500000016,1
-78.73180239999999,43.8694339,1
-78.7314115,43.8682557,1
-78.73093229999999,43.8680931,1
-78.7303634,43.8680008,1
-78.73021650000001,43.86793480000001,1
-78.7301267,43.8680051,1
-78.7300995,43.8680675,1
-78.73003849999999,43.868363499999994,1
-78.7298701,43.8688643,1
-78.72981829999999,43.86891730000001,1
-78.7293582,43.8689081,1
-78.7293261,43.8681152,1
-78.7294656,43.868046,1
-78.72955569999999,43.8679667,1
-78.7295484,43.8678315,1
-78.72949969999999,43.8678035,1
-78.725488,43.8669404,1
-78.7247287,43.8669433,1
-78.7171419,43.867152,1
-78.717029,43.8671768,1
-78.7166549,43.8671963,1
-78.71625829999999,43.867152399999995,1
-78.7154867,43.867155,1
-78.7152062,43.8671659,1
-78.71487599999999,43.8671788,1
-78.7136018,43.8673063,1
-78.71269989999999,43.86745930000001,1
-78.7117966,43.8676483,1
-78.71164499999999,43.8677083,1
-78.71124979999999,43.8679525,1
-78.7109842,43.8680642,1
-78.7092551,43.8690199,1
-78.70891309999999,43.8691751,1
-78.70818009999999,43.86946650000001,1
-78.7075248,43.8696785,1
-78.7068551,43.8699441,1
-78.7065791,43.870001599999995,1
-78.7058986,43.870221999999984,1
-78.7047959,43.8707401,1
-78.70355649999999,43.871255399999995,1
-78.7029986,43.8715233,1
-78.7021467,43.871992299999995,1
-78.7016589,43.8723787,1
-78.70151589999999,43.87253779999999,1
-78.7013618,43.8726608,1
-78.6999813,43.8736054,1
-78.6994344,43.8739095,1
-78.69892759999999,43.8741424,1
-78.698494,43.8744127,1
-78.6972244,43.8750624,1
-78.69598649999999,43.8755326,1
-78.6938825,43.87619240000001,1
-78.69306540000001,43.87640100000001,1
-78.6919498,43.8766036,1
-78.6917498,43.87662649999999,1
-78.6914886,43.876621199999995,1
-78.6915228,43.876703,1
-78.6915843,43.87672219999999,1
-78.691594,43.8767944,1
-78.6915311,43.876811200000006,1
-78.6914309,43.8768272,1
-78.691282,43.876815099999995,1
-78.6912741,43.8766979,1
-78.6913636,43.8766367,1
-78.69125199999999,43.8766255,1
-78.6907655,43.876651599999995,1
-78.6902104,43.8765234,1
-78.6896946,43.8763419,1
-78.68917549999999,43.875926199999995,1
-78.68829199999999,43.8752781,1
-78.688121,43.8751936,1
-78.68634019999999,43.873933099999995,1
-78.6858929,43.8735909,1
-78.6852737,43.873191199999994,1
-78.6848402,43.8728133,1
-78.6847162,43.8728018,1
-78.68461599999999,43.8728178,1
-78.68382179999999,43.8730807,1
-78.6832779,43.873303799999995,1
-78.683165,43.8733285,1
-78.68308689999999,43.873417,1
-78.6830713,43.873497700000016,1
-78.68310340000001,43.8736334,1
-78.6832395,43.8736542,1
-78.6834496,43.87433370000001,1
-78.6835545,43.87484,1
-78.6836452,43.8750669,1
-78.683661,43.8753013,1
-78.6837062,43.8754193,1
-78.6841093,43.87754329999999,1
-78.6842247,43.8777797,1
-78.68436129999999,43.8784307,1
-78.6843066,43.8785556,1
-78.6831856,43.8792172,1
-78.6827437,43.87937930000001,1
-78.6822789,43.8794869,1
-78.6820942,43.8795503,1
-78.68158509999999,43.8797249,1
-78.6813688,43.87984660000001,1
-78.681091,43.879949,1
-78.68097,43.8801806,1
-78.68085479999999,43.8805834,1
-78.680705,43.880913500000005,1
-78.68057329999999,43.881099899999995,1
-78.679834,43.8818682,1
-78.6790638,43.8827889,1
-78.6785204,43.883318,1
-78.6769937,43.88448439999999,1
-78.67542499999999,43.88545189999999,1
-78.6751208,43.885589800000005,1
-78.6750685,43.8856395,1
-78.6749674,43.8856641,1
-78.6748712,43.88568749999999,1
-78.67486819999999,43.8856837,1
-78.6745516,43.88582129999998,1
-78.6738908,43.8861679,1
-78.67222009999999,43.886872199999985,1
-78.6711108,43.8872277,1
-78.66914349999999,43.8875567,1
-78.66770389999999,43.887761399999995,1
-78.6671171,43.8878035,1
-78.6656227,43.88781789999999,1
-78.6648156,43.8877654,1
-78.66478049999999,43.88775400000001,1
-78.66466799999999,43.8877174,1
-78.6646478,43.8877714,1
-78.6644041,43.8878034,1
-78.6639575,43.887165,1
-78.6635925,43.8867736,1
-78.663529,43.88670549999999,1
-78.6634096,43.886505799999995,1
-78.6634084,43.8865032,1
-78.6633572,43.8865382,1
-78.6638136,43.887600899999995,1
-78.66401599999999,43.8881542,1
-78.6639876,43.8882437,1
-78.6639095,43.8883321,1
-78.66390489999999,43.8884491,1
-78.6636743,43.8886154,1
-78.6633691,43.8887802,1
-78.66306209999999,43.88898999999999,1
-78.6623024,43.8893166,1
-78.66164739999999,43.889510300000005,1
-78.6608141,43.889808299999984,1
-78.6603958,43.8899979,1
-78.6602327,43.890030499999995,1
-78.65959810000001,43.8903416,1
-78.65921999999999,43.89045989999999,1
-78.6585849,43.89078,1
-78.6579787,43.8910017,1
-78.6576769,43.89107659999999,1
-78.6562735,43.89130889999999,1
-78.6558591,43.8913994,1
-78.6553651,43.8916143,1
-78.65478399999999,43.8918275,1
-78.6538035,43.8920684,1
-78.65286449999999,43.8922022,1
-78.6515679,43.8922476,1
-78.6506086,43.8922639,1
-78.6505732,43.8922611,1
-78.6502983,43.892239499999995,1
-78.6497492,43.89227320000001,1
-78.6488286,43.89225429999999,1
-78.6481786,43.89232189999999,1
-78.6478271,43.892395699999994,1
-78.6472414,43.8924106,1
-78.6458492,43.8923549,1
-78.644886,43.8924701,1
-78.6445991,43.8924822,1
-78.6431209,43.8923977,1
-78.642361,43.89240900000001,1
-78.6393915,43.8925728,1
-78.6387787,43.89264109999999,1
-78.63825159999999,43.8927473,1
-78.63746259999999,43.892866,1
-78.6370846,43.892887900000005,1
-78.6362022,43.892939,1
-78.6361393,43.892955699999995,1
-78.63580549999999,43.893209899999995,1
-78.6353613,43.89342579999999,1
-78.63502,43.8935538,1
-78.6345544,43.89367910000001,1
-78.634339,43.8937737,1
-78.6341453,43.8942649,1
-78.6340258,43.8944515,1
-78.63377799999999,43.8947345,1
-78.6332946,43.89499449999999,1
-78.632953,43.8951315,1
-78.63222189999999,43.89535950000001,1
-78.6318088,43.8954139,1
-78.6300006,43.89579960000001,1
-78.6293341,43.8959658,1
-78.6272419,43.8962915,1
-78.62607179999999,43.8966003,1
-78.6255599,43.896634699999986,1
-78.624822,43.8967184,1
-78.6245227,43.8967302,1
-78.62393399999999,43.89681699999999,1
-78.6232981,43.8968397,1
-78.6230344,43.8968973,1
-78.6227546,43.8970445,1
-78.62255270000001,43.8971123,1
-78.622038,43.897218599999995,1
-78.62160999999999,43.8973358,1
-78.6214418,43.8974944,1
-78.6212,43.8976244,1
-78.62055269999999,43.89785839999999,1
-78.61981039999999,43.8981266,1
-78.61937069999999,43.898225499999995,1
-78.6176413,43.8985045,1
-78.61737889999999,43.8985261,1
-78.6165041,43.8986069,1
-78.61576869999999,43.8986275,1
-78.61528129999999,43.8986714,1
-78.6146038,43.898801299999995,1
-78.61349469999999,43.89882310000001,1
-78.6129445,43.8988836,1
-78.61213289999999,43.898938699999995,1
-78.6108398,43.898893699999995,1
-78.609847,43.8988099,1
-78.607867,43.8985073,1
-78.60739819999999,43.8983985,1
-78.60688139999999,43.89824360000001,1
-78.605665,43.8978399,1
-78.6049656,43.897582199999995,1
-78.60422330000002,43.89726330000001,1
-78.60287249999999,43.896683,1
-78.6025282,43.8965767,1
-78.60218239999999,43.89650640000001,1
-78.60094409999999,43.8963364,1
-78.599154,43.895956599999984,1
-78.59813760000002,43.8958452,1
-78.59807570000001,43.8958349,1
-78.5973264,43.8958912,1
-78.5971994,43.895885500000006,1
-78.5965683,43.895857199999995,1
-78.5965186,43.8958889,1
-78.5962833,43.895911299999995,1
-78.5962596,43.8959158,1
-78.5959146,43.8959808,1
-78.59581759999999,43.8959495,1
-78.5955073,43.8959249,1
-78.5947956,43.895973,1
-78.5941203,43.8960488,1
-78.5938053,43.896141199999995,1
-78.5926987,43.8962176,1
-78.59260669999999,43.89622399999999,1
-78.592022,43.8962116,1
-78.5909715,43.8960184,1
-78.58982400000001,43.8957601,1
-78.5891434,43.8956557,1
-78.58867110000001,43.8956367,1
-78.58797799999999,43.8955321,1
-78.5878489,43.895503999999995,1
-78.58733629999999,43.8953924,1
-78.58604609999999,43.89527519999999,1
-78.5853008,43.8952324,1
-78.58447869999999,43.895242,1
-78.582061,43.8952989,1
-78.5808137,43.89535349999999,1
-78.58005090000002,43.895436399999994,1
-78.5795998,43.8955079,1
-78.57883799999999,43.8955637,1
-78.5772066,43.8955742,1
-78.5768049,43.89565569999999,1
-78.5767923,43.89565129999999,1
-78.57669659999999,43.8958063,1
-78.57657809999999,43.8959666,1
-78.5764969,43.89607630000001,1
-78.5763386,43.8962618,1
-78.5763435,43.8962851,1
-78.5762608,43.8964815,1
-78.57604169999999,43.896665899999995,1
-78.5757988,43.89682279999999,1
-78.57543,43.897013,1
-78.5749627,43.89717419999999,1
-78.574535,43.8972821,1
-78.5735479,43.8973692,1
-78.57250429999999,43.897310999999995,1
-78.5720704,43.8972658,1
-78.57193389999999,43.8972538,1
-78.5710536,43.8971631,1
-78.5692147,43.8967639,1
-78.5669473,43.8961844,1
-78.5663447,43.8960005,1
-78.5655354,43.8956951,1
-78.5648099,43.8954726,1
-78.5640584,43.8952765,1
-78.56324219999999,43.895142,1
-78.56270839999999,43.8951036,1
-78.56222249999999,43.8951112,1
-78.5618841,43.895167,1
-78.5614186,43.8952832,1
-78.56111829999999,43.8953218,1
-78.5601453,43.8953071,1
-78.55967489999999,43.8952999,1
-78.55875069999999,43.895370199999995,1
-78.5579669,43.895659599999995,1
-78.5570244,43.8958735,1
-78.5566442,43.8960364,1
-78.5557645,43.89623369999999,1
-78.5553398,43.89626959999999,1
-78.5540932,43.89630599999998,1
-78.5535433,43.8963572,1
-78.551853,43.896285,1
-78.5489608,43.8960699,1
-78.5486494,43.896072200000006,1
-78.5474914,43.89607429999999,1
-78.54684189999999,43.89612340000001,1
-78.5441019,43.8961456,1
-78.5433068,43.8961014,1
-78.5417069,43.89595,1
-78.5410699,43.8959993,1
-78.5406305,43.896088899999995,1
-78.54011779999999,43.896140900000006,1
-78.538196,43.89654960000001,1
-78.5381199,43.896584,1
-78.537564,43.8967791,1
-78.5359766,43.89723099999999,1
-78.5350098,43.8974262,1
-78.53383079999999,43.8976349,1
-78.53349159999999,43.8977086,1
-78.5329156,43.89778610000001,1
-78.53165249999999,43.897920899999995,1
-78.5307483,43.898108400000005,1
-78.52968600000001,43.8982025,1
-78.5287888,43.8982191,1
-78.5286268,43.8982246,1
-78.5276795,43.89824910000001,1
-78.5276033,43.8982835,1
-78.5275283,43.89829089999999,1
-78.5267507,43.8984271,1
-78.5262264,43.898460799999995,1
-78.5260375,43.8985107,1
-78.5254751,43.8985615,1
-78.5251117,43.8986167,1
-78.52468429999999,43.8987155,1
-78.5242591,43.89876029999999,1
-78.5238701,43.898832899999995,1
-78.5235953,43.8988539,1
-78.5233688,43.898912,1
-78.52296919999999,43.8989394,1
-78.5213241,43.8989757,1
-78.5199449,43.8992069,1
-78.5194073,43.8992582,1
-78.5187727,43.89928289999998,1
-78.5179232,43.89931600000001,1
-78.5172013,43.8993093,1
-78.5168515,43.8993377,1
-78.5158175,43.899351199999984,1
-78.5150462,43.89933449999998,1
-78.51369629999999,43.8994581,1
-78.512743,43.899626399999995,1
-78.51173159999999,43.899694400000016,1
-78.5113305,43.899757699999995,1
-78.51053209999999,43.89979440000001,1
-78.5090151,43.8997433,1
-78.5067258,43.89999939999999,1
-78.50648609999999,43.9000752,1
-78.5061352,43.90013059999999,1
-78.5056323,43.90024560000001,1
-78.5049062,43.90033779999999,1
-78.50467929999999,43.9004049,1
-78.5040528,43.9004992,1
-78.5027405,43.90061459999999,1
-78.50221800000001,43.9006032,1
-78.5,43.900392700000005,1
-78.49999799999999,43.900392600000004,1
-78.49845049999999,43.9001786,1
-78.4978802,43.9001211,1
-78.49717559999999,43.89999760000001,1
-78.4963018,43.899753399999994,1
-78.4943404,43.8993142,1
-78.4934048,43.8990596,1
-78.491531,43.8986133,1
-78.4911868,43.8985067,1
-78.49013289999999,43.89810540000001,1
-78.4898396,43.8979729,1
-78.48975519999999,43.897908,1
-78.4889972,43.8975763,1
-78.4885426,43.8974312,1
-78.4881359,43.89733220000001,1
-78.4879531,43.8972382,1
-78.4877812,43.8971804,1
-78.48716379999999,43.897058699999995,1
-78.48672049999999,43.89694100000001,1
-78.486509,43.8969363,1
-78.485221,43.89677290000001,1
-78.4850096,43.8967682,1
-78.4846877,43.89672509999998,1
-78.48442759999999,43.896692399999985,1
-78.48366539999999,43.8964595,1
-78.4835154,43.8964742,1
-78.4833903,43.8964895,1
-78.483051,43.896563,1
-78.482564,43.8965973,1
-78.48228019999999,43.89653699999999,1
-78.48174259999999,43.8965882,1
-78.4813664,43.896651899999995,1
-78.4810509,43.896753,1
-78.4806618,43.8968255,1
-78.4798792,43.8970783,1
-78.4797265,43.8971559,1
-78.47939819999999,43.897265700000005,1
-78.4786955,43.89739429999999,1
-78.4784433,43.8974697,1
-78.4778925,43.8975386,1
-78.4777666,43.8975719,1
-78.4776268,43.8976408,1
-78.4763016,43.8980617,1
-78.47586129999999,43.89816899999999,1
-78.4752539,43.898398699999994,1
-78.474929,43.8984275,1
-78.4741614,43.8986176,1
-78.47389559999999,43.898719799999995,1
-78.4727401,43.8989553,1
-78.4712775,43.899094,1
-78.4707998,43.8992004,1
-78.47012459999999,43.89926649999999,1
-78.4695218,43.89938819999998,1
-78.4691674,43.8995244,1
-78.46872739999999,43.89962269999999,1
-78.4685125,43.899699,1
-78.46764499999999,43.8998958,1
-78.4667326,43.9002717,1
-78.4664449,43.9003014,1
-78.4662926,43.900369999999995,1
-78.46596149999999,43.9005427,1
-78.4657801,43.9007098,1
-78.4657005,43.900825,1
-78.4655983,43.9008858,1
-78.4654347,43.9009272,1
-78.4648891,43.9011672,1
-78.4647379,43.9012088,1
-78.46427899999999,43.9014597,1
-78.4640459,43.9016706,1
-78.46371289999999,43.9018883,1
-78.4623498,43.902317200000006,1
-78.4620568,43.9024727,1
-78.4613751,43.9026917,1
-78.460475,43.903067799999995,1
-78.4595282,43.90337089999999,1
-78.4592729,43.903518299999995,1
-78.4591858,43.90351630000001,1
-78.45881109999999,43.903544,1
-78.45845969999999,43.9036082,1
-78.45833220000002,43.90367739999999,1
-78.4582176,43.9037379,1
-78.4570675,43.9041354,1
-78.4566127,43.9042873,1
-78.4561214,43.9044205,1
-78.4558031,43.9045844,1
-78.4550976,43.9047758,1
-78.45486869999999,43.9048877,1
-78.4546666,43.9049552,1
-78.4543833,43.905174,1
-78.45410079999999,43.9053748,1
-78.453936,43.9054432,1
-78.45300689999999,43.9062057,1
-78.45275149999999,43.9063531,1
-78.452314,43.90668540000001,1
-78.4519711,43.9068399,1
-78.4518425,43.906935999999995,1
-78.4517508,43.907042,1
-78.45121639999999,43.90730920000001,1
-78.4508743,43.9074456,1
-78.45060579999999,43.9076107,1
-78.4501871,43.9077904,1
-78.4495294,43.9080278,1
-78.4494272,43.9080885,1
-78.4492254,43.90814710000001,1
-78.44875239999999,43.908433599999995,1
-78.4485966,43.908583199999995,1
-78.44826739999999,43.90871090000001,1
-78.4479999,43.908848899999995,1
-78.44777289999999,43.9089159,1
-78.44765749999999,43.90899439999999,1
-78.4470005,43.909213699999995,1
-78.4467568,43.9093794,1
-78.4460217,43.909678,1
-78.4458705,43.9097197,1
-78.4456287,43.909840299999985,1
-78.4454266,43.9099078,1
-78.4450001,43.9099793,1
-78.4446705,43.910115999999995,1
-78.4431827,43.9105418,1
-78.442416,43.9107048,1
-78.44216329999999,43.910789099999995,1
-78.441787,43.9108527,1
-78.44052889999999,43.9111486,1
-78.43983539999999,43.91134920000001,1
-78.4389171,43.911562700000005,1
-78.4386768,43.911647300000006,1
-78.43806140000001,43.91176859999999,1
-78.43764809999999,43.9118223,1
-78.43698309999999,43.9120053,1
-78.4297064,43.8952843,1
-78.41355879999999,43.89782779999998,1
-78.39344969999999,43.900990799999995,1
-78.377583,43.9034829,1
-78.3627424,43.90581119999998,1
-78.34402279999999,43.908744,1
-78.32313409999999,43.912011699999994,1
-78.307125,43.9145123,1
-78.2783345,43.91900149999999,1
-78.24983399999999,43.9198466,1
-78.24982709999999,43.9198329,1
-78.2120934,43.9205337,1
-78.1945436,43.9208541,1
-78.1914597,43.92091,1
-78.186324,43.9210029,1
-78.1802587,43.9211123,1
-78.1801294,43.9211146,1
-78.17844579999999,43.921144899999994,1
-78.1719062,43.9212622,1
-78.1405003,43.9218187,1
-78.1294381,43.9224216,1
-78.1020724,43.92633899999999,1
-78.0653006,43.9308708,1
-78.0489685,43.9328047,1
-78.0336277,43.9346182,1
-78.0139633,43.9369389,1
-78.0018791,43.938362600000005,1
-78.0000067,43.9387543,1
-78,43.93875570000001,1
-81.43494890000001,44.4995824,1
-81.43522940000001,44.4992057,1
-81.4360037,44.498165799999995,1
-81.4383983,44.496458,1
-81.447546,44.4912919,1
-81.4498062,44.4903313,1
-81.45840749999999,44.4866749,1
-81.46560629999999,44.4840543,1
-81.46575849999999,44.48399259999999,1
-81.4708472,44.481930899999995,1
-81.4761307,44.4790612,1
-81.47941,44.47727969999999,1
-81.4821534,44.4757892,1
-81.48879869999999,44.472177900000005,1
-81.49645679999999,44.46669420000001,1
-81.49912800000001,44.466037,1
-81.5,44.4653157,1
-81.5000012,44.4653147,1
-81.5028372,44.462968499999995,1
-81.5185972,44.45000689999999,1
-81.5200232,44.448833599999986,1
-81.52498349999999,44.4451008,1
-81.53514899999999,44.4364555,1
-81.54569839999999,44.4275689,1
-81.55062079999999,44.423592700000015,1
-81.5531025,44.420834199999994,1
-81.5531201,44.42084199999999,1
-81.5599384,44.4142878,1
-81.5600158,44.41420929999999,1
-81.5677611,44.40635799999999,1
-81.5817335,44.3921864,1
-81.5907239,44.383062599999995,1
-81.5932669,44.3804811,1
-81.5985836,44.37523110000001,1
-81.5999169,44.37391439999999,1
-81.6109622,44.3630024,1
-81.6118815,44.362094,1
-81.61205319999999,44.3619242,1
-81.61225429999999,44.3617242,1
-81.617463,44.3565428,1
-81.6229279,44.3511051,1
-81.6260416,44.34800630000001,1
-81.6282957,44.34576260000001,1
-81.6301123,44.3426164,1
-81.6329889,44.3376334,1
-81.6344635,44.33507880000001,1
-81.63520919999999,44.333465799999985,1
-81.6376915,44.32809619999998,1
-81.64050639999999,44.3220057,1
-81.6409733,44.32040740000001,1
-81.6414077,44.318920299999995,1
-81.6443973,44.3086828,1
-81.6444447,44.3085038,1
-81.6488717,44.29178740000001,1
-81.6596355,44.2528304,1
-81.6605448,44.250791,1
-81.6608216,44.25017009999999,1
-81.6607976,44.250161299999995,1
-81.6605798,44.25008109999998,1
-81.6608613,44.250080999999994,1
-81.6680401,44.233974100000005,1
-81.66808639999999,44.2338701,1
-81.66981249999999,44.2299395,1
-81.671847,44.22530590000001,1
-81.6738919,44.220647700000015,1
-81.6757549,44.2164031,1
-81.6761009,44.2155396,1
-81.677393,44.2123149,1
-81.677684,44.2115885,1
-81.6787123,44.209022,1
-81.67974980000001,44.20643210000001,1
-81.6802071,44.2052905,1
-81.682014,44.2007791,1
-81.6823929,44.19983289999999,1
-81.6825918,44.199336299999985,1
-81.68326569999999,44.1976533,1
-81.6851195,44.1948233,1
-81.6896218,44.18794820000001,1
-81.698049,44.178800200000005,1
-81.699069,44.17772180000001,1
-81.7106168,44.165509,1
-81.7107214,44.16539830000001,1
-81.7125025,44.1632796,1
-81.7363699,44.134866599999995,1
-81.73675860000002,44.1344036,1
-81.73867229999999,44.131322800000014,1
-81.74300989999999,44.1243381,1
-81.74720479999999,44.1175813,1
-81.74722799999999,44.1175436,1
-81.74984359999999,44.1132906,1
-81.75374219999999,44.1069503,1
-81.75413680000001,44.1061357,1
-81.7552284,44.1038824,1
-81.7569899,44.1002459,1
-81.7591581,44.0957691,1
-81.7605434,44.0929083,1
-81.7612492,44.09145059999999,1
-81.7622921,44.0879372,1
-81.7639018,44.08251359999999,1
-81.76425350000001,44.0813283,1
-81.764743,44.079678699999995,1
-81.7650759,44.07818019999999,1
-81.7663783,44.072317600000005,1
-81.7663211,44.0713796,1
-81.7661486,44.0685498,1
-81.765998,44.066077699999994,1
-81.765998,44.0660769,1
-81.7657646,44.062246599999995,1
-81.7657641,44.0622464,1
-81.7655896,44.0598609,1
-81.76553969999999,44.0572672,1
-81.76536279999999,44.056315399999995,1
-81.76526899999999,44.05456259999999,1
-81.7653541,44.05309169999998,1
-81.7649307,44.050647600000005,1
-81.7643313,44.0460058,1
-81.7619757,44.04111759999999,1
-81.7612561,44.0383781,1
-81.7599884,44.0345737,1
-81.7588858,44.0305707,1
-81.757437,44.0273115,1
-81.7558713,44.0229502,1
-81.75349,44.017101100000005,1
-81.75266309999999,44.0143058,1
-81.750383,44.0099054,1
-81.7494881,44.007145699999995,1
-81.7485811,44.0052555,1
-81.7467223,44.001948899999995,1
-81.74696650000001,44.00071450000001,1
-81.74702359999999,44.0000362,1
-81.7470263,44.0000042,1
-81.74702649999999,44.0000015,1
-81.7473983,43.9955833,1
-81.7477542,43.993371400000015,1
-81.74702769999999,43.9905696,1
-81.74690849999999,43.98876270000001,1
-81.74680839999999,43.9872442,1
-81.74716049999999,43.98499630000002,1
-81.7467326,43.9796244,1
-81.7461718,43.9755144,1
-81.74567499999999,43.970454,1
-81.74499460000001,43.96489349999998,1
-81.7437497,43.95756459999999,1
-81.7432257,43.9549494,1
-81.7427515,43.951116,1
-81.74114829999999,43.943746,1
-81.74075309999999,43.94135989999999,1
-81.7406501,43.9407381,1
-81.7406378,43.9397783,1
-81.7408507,43.937362,1
-81.74083220000001,43.936809,1
-81.7407413,43.9341059,1
-81.7405276,43.93277700000001,1
-81.73959479999999,43.928021099999995,1
-81.7387257,43.9227711,1
-81.7378145,43.9141729,1
-81.73738019999999,43.911548,1
-81.73692249999999,43.9088202,1
-81.7365236,43.9049959,1
-81.73585949999999,43.89716249999999,1
-81.7355468,43.893783,1
-81.73561,43.889544699999995,1
-81.73519879999999,43.885366999999995,1
-81.7351,43.883837799999995,1
-81.734992,43.882166600000005,1
-81.7352599,43.8797799,1
-81.7351272,43.8765408,1
-81.7353366,43.8708763,1
-81.7353084,43.8664065,1
-81.73568259999999,43.86444370000001,1
-81.7358375,43.86319109999999,1
-81.7359182,43.8614395,1
-81.73607559999999,43.858649100000015,1
-81.7364063,43.856882,1
-81.7366512,43.8556399,1
-81.7366503,43.8556325,1
-81.73643670000001,43.8541022,1
-81.7370375,43.8514349,1
-81.7380702,43.843533,1
-81.7403264,43.815492899999995,1
-81.7389128,43.7999398,1
-81.7399492,43.7944529,1
-81.7394079,43.79080389999999,1
-81.7362654,43.77695,1
-81.7362998,43.77695030000001,1
-81.73473609999999,43.7699059,1
-81.73315629999999,43.7627866,1
-81.73285729999999,43.761439200000005,1
-81.7327428,43.7604919,1
-81.7326559,43.755900399999994,1
-81.73264800000001,43.7554836,1
-81.7325749,43.751626599999994,1
-81.7325446,43.750023099999986,1
-81.7325445,43.7500177,1
-81.7325414,43.749856,1
-81.7336885,43.74860999999999,1
-81.7337583,43.7485343,1
-81.73661729999999,43.7454288,1
-81.7366201,43.7454251,1
-81.73964470000001,43.7363613,1
-81.739689,43.73614379999999,1
-81.7399137,43.7259572,1
-81.7404337,43.7190227,1
-81.7404019,43.71688129999999,1
-81.74036989999999,43.7147256,1
-81.7410895,43.70918700000001,1
-81.741687,43.7045872,1
-81.7403437,43.6992931,1
-81.7400299,43.6985208,1
-81.7388016,43.69549629999999,1
-81.7380792,43.69077519999999,1
-81.7379183,43.6897236,1
-81.7377918,43.68889680000001,1
-81.73637219999999,43.68335390000001,1
-81.7357376,43.6797891,1
-81.73572340000001,43.6797094,1
-81.7349052,43.67324459999999,1
-81.7339001,43.6626456,1
-81.73373649999999,43.6611145,1
-81.7318344,43.6433119,1
-81.7317187,43.6422289,1
-81.7308048,43.63301789999999,1
-81.7304742,43.630131299999995,1
-81.7298867,43.6242194,1
-81.7294366,43.6196904,1
-81.7284294,43.609797,1
-81.7279391,43.6049801,1
-81.7274523,43.6001963,1
-81.7262973,43.588756400000015,1
-81.7262935,43.588718699999994,1
-81.7261101,43.586987,1
-81.724239,43.5693097,1
-81.72369599999999,43.564177099999995,1
-81.723511,43.5624281,1
-81.7235065,43.56238609999998,1
-81.72204719999999,43.54858699999998,1
-81.721554,43.537038599999995,1
-81.7212752,43.5305066,1
-81.7209981,43.5240125,1
-81.72095829999999,43.5230809,1
-81.72034029999999,43.5117813,1
-81.7199244,43.50417529999999,1
-81.7197416,43.5008319,1
-81.71947209999999,43.5000384,1
-81.7194712,43.50003579999999,1
-81.7185032,43.49718509999998,1
-81.7197417,43.4934438,1
-81.72209409999999,43.4863355,1
-81.7241672,43.4800697,1
-81.72501489999999,43.47750720000001,1
-81.7258557,43.4759612,1
-81.72868319999999,43.470761300000014,1
-81.7296686,43.4689488,1
-81.7308721,43.4652472,1
-81.7334789,43.457226899999995,1
-81.73494749999999,43.4527079,1
-81.7349662,43.452709600000006,1
-81.73679059999999,43.42992539999999,1
-81.7369653,43.42741499999998,1
-81.7371847,43.4242624,1
-81.737519699999993,43.4194472,1
-81.7375315,43.4192774,1
-81.7377307,43.4170777,1
-81.7379602,43.414544199999995,1
-81.7382444,43.4114049,1
-81.73871360000001,43.406222199999995,1
-81.738781,43.40559030000001,1
-81.7396448,43.3974954,1
-81.7398026,43.39601639999999,1
-81.74151619999999,43.386004199999995,1
-81.7428,43.378500800000005,1
-81.74375599999999,43.373672,1
-81.74456529999999,43.3706043,1
-81.74530200000001,43.367811499999995,1
-81.7457821,43.365991699999995,1
-81.7462804,43.3643249,1
-81.7476803,43.3596417,1
-81.7504913,43.3510773,1
-81.752743,43.3451971,1
-81.7547763,43.3391022,1
-81.7575287,43.3314953,1
-81.7598909,43.3262775,1
-81.7633286,43.3196336,1
-81.7696151,43.322178500000014,1
-81.77753419999999,43.317746199999995,1
-81.7776714,43.3176695,1
-81.7784784,43.3172177,1
-81.7785481,43.3171786,1
-81.7787063,43.3170901,1
-81.780659,43.3159969,1
-81.7829751,43.31470020000001,1
-81.78559369999999,43.313233899999986,1
-81.79391989999999,43.3085707,1
-81.795166,43.3078726,1
-81.7959214,43.3074494,1
-81.8048475,43.302448000000005,1
-81.8124169,43.2982052,1
-81.8124179,43.29820470000001,1
-81.8152748,43.296603,1
-81.8215522,43.293082899999995,1
-81.8361493,43.2848942,1
-81.8582579,43.27248209999999,1
-81.8674387,43.2673244,1
-81.87535129999999,43.2628776,1
-81.8835749,43.2582545,1
-81.8835976,43.25824169999999,1
-81.89128989999999,43.2539159,1
-81.8950333,43.25181020000001,1
-81.8986541,43.25074180000001,1
-81.9008765,43.250085899999995,1
-81.9009135,43.25007499999999,1
-81.9031847,43.249404600000005,1
-81.9064372,43.2484446,1
-81.9224369,43.2457621,1
-81.93563879999999,43.243546300000006,1
-81.93890189999999,43.242998199999995,1
-81.94170849999999,43.24252680000001,1
-81.9457637,43.241845399999995,1
-81.9645551,43.2386852,1
-81.9836366,43.23547169999999,1
-81.9882549,43.2360006,1
-81.99464739999999,43.236732100000005,1
-81.9999964,43.2368069,1
-82,43.25,1
-82.0105629,43.250014499999985,1
-82.0201713,43.2500266,1
-82.0415838,43.2500498,1
-82.0568332,43.2500631,1
-82.1495942,43.25008630000001,1
-82.202882,43.250054899999995,1
-82.25,43.25,1
-82.2511909,43.250001700000006,1
-82.2674996,43.2500189,1
-82.2949155,43.250040899999995,1
-82.2949113,43.24984289999999,1
-82.299606,43.2404716,1
-82.3384135,43.1628684,1
-82.34239769999999,43.15488730000001,1
-82.346775,43.1461158,1
-82.3468025,43.1460608,1
-82.35488730000002,43.12985139999999,1
-82.363344,43.1128852,1
-82.3720199,43.0954667,1
-82.3959624,43.0473339,1
-82.4009509,43.0372934,1
-82.40160709999999,43.0359724,1
-82.4102917,43.018481800000004,1
-82.41374119999999,43.0115311,1
-82.4186816,43.005012099999995,1
-82.4224205,43.00007719999999,1
-82.42242089999999,43.00007670000002,1
-82.4224345,43.0000586,1
-82.4225819,42.99987789999999,1
-82.4234165,42.9988539,1
-82.4234175,42.998852599999985,1
-82.42350809999999,42.9987415,1
-82.4240208,42.9981124,1
-82.4241163,42.9970244,1
-82.4245354,42.9922438,1
-82.42193019999999,42.986779899999995,1
-82.4213001,42.9854584,1
-82.4133641,42.9777676,1
-82.41303359999999,42.97744730000001,1
-82.41407799999999,42.974433300000015,1
-82.4143656,42.9736033,1
-82.4150495,42.9716294,1
-82.4160471,42.9687497,1
-82.41608980000001,42.9686263,1
-82.4164303,42.9676433,1
-82.4167027,42.9668572,1
-82.41853710000001,42.9645637,1
-82.4227691,42.9592718,1
-82.42860139999999,42.9522293,1
-82.4288665,42.9520279,1
-82.4470954,42.93817,1
-82.447788,42.9376432,1
-82.45110179999999,42.9328158,1
-82.4552886,42.9267151,1
-82.4568804,42.9219853,1
-82.45847409999999,42.91712449999999,1
-82.46016650000001,42.91196140000001,1
-82.4621032,42.9060518,1
-82.46683829999999,42.8953312,1
-82.47030989999999,42.8874684,1
-82.469077,42.8685043,1
-82.4687601,42.863627099999995,1
-82.4682275,42.85542809999999,1
-82.468634,42.8537203,1
-82.47267889999999,42.8367213,1
-82.4752047,42.83211259999999,1
-82.4788114,42.8255299,1
-82.47928379999999,42.8229911,1
-82.47994380000002,42.819443600000014,1
-82.4806662,42.815560399999995,1
-82.4820422,42.8081623,1
-82.48056319999999,42.8020489,1
-82.4718566,42.786077899999995,1
-82.46785369999999,42.77034309999999,1
-82.46763039999999,42.76648079999998,1
-82.4673991,42.762478400000006,1
-82.47128219999999,42.7555834,1
-82.4730252,42.7524877,1
-82.4733261,42.7519532,1
-82.474407,42.7500333,1
-82.4744121,42.750024100000005,1
-82.474998,42.7490008,1
-82.477065,42.7453903,1
-82.4838783,42.73348530000001,1
-82.48384569999999,42.7312984,1
-82.4838419,42.73104470000001,1
-82.483823,42.729777700000014,1
-82.4836995,42.7214922,1
-82.483654,42.7184404,1
-82.484174,42.7175823,1
-82.4853662,42.7156148,1
-82.4867237,42.7133744,1
-82.4870144,42.71289449999999,1
-82.488333,42.7107156,1
-82.48884269999999,42.7098732,1
-82.4890624,42.7095102,1
-82.48996869999999,42.7080122,1
-82.4912906,42.7058274,1
-82.49462559999999,42.7003141,1
-82.49775149999999,42.6933758,1
-82.4999917,42.688401899999995,1
-82.5,42.6883833,1
-82.5015278,42.684952599999995,1
-82.5024,42.6829937,1
-82.50282159999999,42.682047,1
-82.5086255,42.6690082,1
-82.5087111,42.6688158,1
-82.5089443,42.6682917,1
-82.509565,42.66689689999999,1
-82.509897,42.66615069999998,1
-82.5104918,42.664814000000014,1
-82.5104523,42.6634708,1
-82.5103128,42.65873260000001,1
-82.5102854,42.6578016,1
-82.51025179999999,42.6566967,1
-82.51025050000001,42.6566518,1
-82.51020989999999,42.655316,1
-82.5099078,42.6453676,1
-82.5097332,42.6396157,1
-82.50968519999999,42.6380336,1
-82.5149259,42.6240594,1
-82.51786369999999,42.6162225,1
-82.518642,42.6141319,1
-82.5224121,42.6088058,1
-82.5234037,42.60740469999999,1
-82.5240966,42.606967999999995,1
-82.53754479999999,42.5984898,1
-82.549187,42.59114629999999,1
-82.55345969999999,42.585045699999995,1
-82.5602839,42.5791715,1
-82.56092819999999,42.5787767,1
-82.5686846,42.57402269999999,1
-82.5803257,42.56408280000001,1
-82.58396599999999,42.553883299999995,1
-82.5911488,42.549902400000015,1
-82.60546029999999,42.54848699999999,1
-82.6105486,42.5498024,1
-82.6119471,42.5506653,1
-82.6166697,42.554317999999995,1
-82.62396,42.556907500000015,1
-82.63305009999999,42.5570215,1
-82.64121399999999,42.55479749999999,1
-82.6546091,42.546824099999995,1
-82.6623887,42.5412091,1
-82.6677392,42.5335938,1
-82.6688534,42.5324519,1
-82.6688617,42.5323076,1
-82.66896960000001,42.532243,1
-82.66916739999999,42.5318979,1
-82.66940579999999,42.531705400000014,1
-82.66945439999999,42.5317047,1
-82.6697391,42.5314213,1
-82.6701338,42.5311544,1
-82.67115319999999,42.5301129,1
-82.6714861,42.5298109,1
-82.6774184,42.5239967,1
-82.678234,42.5231852,1
-82.67830939999999,42.5231732,1
-82.6824465,42.51900599999999,1
-82.7016293,42.500056699999995,1
-82.7016411,42.500045099999994,1
-82.8034551,42.3981478,1
-82.8104675,42.39111099999998,1
-82.8170652,42.38448800000001,1
-82.81842929999999,42.383118499999995,1
-82.8280183,42.3734884,1
-82.8288278,42.3733058,1
-82.839157,42.370975,1
-82.8539649,42.367631,1
-82.8551992,42.3673521,1
-82.85558379999999,42.3672652,1
-82.85960709999999,42.36635600000001,1
-82.8603315,42.36619230000001,1
-82.8660955,42.3648894,1
-82.86609659999999,42.3648891,1
-82.8661261,42.36445550000001,1
-82.868287,42.32759,1
-82.8682924,42.327585500000005,1
-82.868353,42.32758450000001,1
-82.8684258,42.3275833,1
-82.8686089,42.3276164,1
-82.868842,42.3277026,1
-82.8690865,42.32776170000001,1
-82.8697741,42.328029699999995,1
-82.8702641,42.3281838,1
-82.8706328,42.3283399,1
-82.87138000000002,42.3285708,1
-82.8718107,42.328770899999995,1
-82.8719139,42.328976399999995,1
-82.8720484,42.3290102,1
-82.872242,42.328989,1
-82.8726437,42.329027499999995,1
-82.87314769999999,42.3292444,1
-82.8736114,42.3293269,1
-82.8737469,42.3293967,1
-82.87418459999999,42.3298308,1
-82.87450969999999,42.3297444,1
-82.87468009999999,42.3297597,1
-82.8751338,42.3299144,1
-82.8760427,42.3302777,1
-82.8767282,42.3304736,1
-82.8771288,42.330476099999984,1
-82.8777537,42.330673,1
-82.8778909,42.33079679999999,1
-82.8784804,42.331030299999995,1
-82.8787907,42.3312594,1
-82.8793379,42.331295399999995,1
-82.8795945,42.33135419999999,1
-82.8797668,42.3314325,1
-82.8806693,42.3315798,1
-82.8807557,42.3316163,1
-82.8809766,42.33170979999999,1
-82.8813929,42.33182910000001,1
-82.8815778,42.3319251,1
-82.8823725,42.3321192,1
-82.88304079999999,42.332144199999995,1
-82.8847317,42.332269499999995,1
-82.88581049999999,42.332629999999995,1
-82.8865922,42.33281620000001,1
-82.8868007,42.3328659,1
-82.8875545,42.3329075,1
-82.8879812,42.3329725,1
-82.8883937,42.332965699999995,1
-82.8885426,42.3330713,1
-82.8887124,42.3330686,1
-82.8887836,42.3330133,1
-82.8887944,42.3329682,1
-82.88887869999999,42.3329487,1
-82.8893314,42.3330674,1
-82.89016579999999,42.33336879999998,1
-82.89148519999999,42.3336532,1
-82.8915253,42.3336986,1
-82.891548,42.333724200000006,1
-82.89160269999999,42.3339305,1
-82.89169059999999,42.3340281,1
-82.8917426,42.3340307,1
-82.8918243,42.3340349,1
-82.891913,42.3337542,1
-82.89195989999999,42.3336994,1
-82.8920685,42.3336796,1
-82.89257889999999,42.3336982,1
-82.89307819999999,42.333753,1
-82.8936602,42.3337344,1
-82.8939503,42.3336936,1
-82.8939953,42.3335758,1
-82.8942857,42.333543899999995,1
-82.8955727,42.3336207,1
-82.8955867,42.3336215,1
-82.895928,42.3336699,1
-82.89607149999999,42.3337374,1
-82.89607579999999,42.3337395,1
-82.8962031,42.333935499999995,1
-82.8963244,42.3343388,1
-82.89649299999999,42.3351014,1
-82.8966559,42.3356751,1
-82.8970384,42.3356855,1
-82.9014114,42.341698699999995,1
-82.90462459999999,42.3461163,1
-82.90560909999999,42.3474695,1
-82.9106108,42.35434359999999,1
-82.91062099999999,42.35435759999999,1
-82.91062289999999,42.354360500000006,1
-82.9108791,42.3547506,1
-82.9119051,42.354518000000006,1
-82.9145885,42.35390960000001,1
-82.9155009,42.3537027,1
-82.919471,42.3528023,1
-82.92113650000002,42.3524245,1
-82.92789119999999,42.350891999999995,1
-82.9417727,42.34774060000001,1
-82.9444595,42.3471303,1
-82.9452283,42.346955699999995,1
-82.947998,42.345457200000006,1
-82.94904170000001,42.34489250000001,1
-82.950772,42.3439562,1
-82.9538184,42.342307600000005,1
-82.95720279999999,42.340475900000015,1
-82.9591976,42.3393962,1
-82.95963100000002,42.3392941,1
-82.9621015,42.33871190000001,1
-82.9669258,42.3375749,1
-82.9675223,42.337434300000005,1
-82.9729471,42.3361553,1
-82.9766075,42.3352921,1
-82.97813219999999,42.3349324,1
-82.98426359999999,42.3334859,1
-82.98848919999999,42.33248870000001,1
-82.99493749999999,42.3319025,1
-82.9983726,42.33158989999999,1
-83,42.3314418,1
-82.4690586,42.0000277,1
-82.4690399,42.0000383,1
-82.46903979999999,42.0000398,1
-82.4687673,42.004425900000015,1
-82.4674328,42.0258978,1
-82.46714229999999,42.030569199999995,1
-82.4668378,42.0354645,1
-82.4664726,42.04133539999999,1
-82.46636529999999,42.0430599,1
-82.46604959999999,42.0481346,1
-82.4658784,42.05088580000001,1
-82.4657478,42.0529827,1
-82.4657075,42.053630899999995,1
-82.4656737,42.0541741,1
-82.4653197,42.0598609,1
-82.4621391,42.0607715,1
-82.46195349999999,42.0608246,1
-82.4557884,42.062589200000005,1
-82.4469349,42.0651222,1
-82.4449224,42.0656768,1
-82.44374599999999,42.066001,1
-82.44172669999999,42.0665573,1
-82.4360513,42.0681207,1
-82.4184302,42.072971599999995,1
-82.40818709999999,42.0757893,1
-82.39398779999999,42.07969279999998,1
-82.3939777,42.079685399999995,1
-82.3851013,42.0821956,1
-82.3738604,42.085226299999995,1
-82.3655883,42.0874554,1
-82.3536211,42.0906784,1
-82.35103079999999,42.0920217,1
-82.3458604,42.0947024,1
-82.3290888,42.1033942,1
-82.3171126,42.109597,1
-82.29211699999999,42.122333999999995,1
-82.2574223,42.139991300000005,1
-82.24691419999999,42.145334299999995,1
-82.2186048,42.1596593,1
-82.1648848,42.18754129999999,1
-82.1570977,42.19168849999999,1
-82.1402342,42.2006306,1
-82.11816139999999,42.2123255,1
-82.0906344,42.22689509999999,1
-82.070852,42.2373552,1
-82.0581454,42.2440694,1
-82.05697160000001,42.2446895,1
-82.0468346,42.2500431,1
-82.046386,42.2500428,1
-82.0328389,42.25003290000001,1
-82.0108615,42.2500123,1
-82,42.249999999999986,1
-81.9999991,42.25,1
-81.9999979,42.25,1
-81.999388,42.2500009,1
-81.9941321,42.250016,1
-81.9941229,42.2500084,1
-81.9721996,42.2500361,1
-81.9460994,42.2500617,1
-81.93831709999999,42.25006780000001,1
-81.91254119999999,42.250083,1
-81.9097701,42.2500842,1
-81.9092775,42.2500844,1
-81.8544671,42.250088799999986,1
-81.8542178,42.25011809999999,1
-81.8523491,42.250303099999996,1
-81.82372989999999,42.2531299,1
-81.79584,42.2586441,1
-81.7861994,42.2612609,1
-81.78545539999999,42.2618004,1
-81.7853403,42.261883900000015,1
-81.7808206,42.26516109999999,1
-81.77955010000001,42.267039200000006,1
-81.77749089999999,42.2700828,1
-81.7767215,42.276087,1
-81.77705580000001,42.2779447,1
-81.77767539999999,42.2813882,1
-81.8104733,42.30764669999999,1
-81.8104235,42.3076813,1
-81.7995062,42.3152789,1
-81.7797301,42.3290325,1
-81.7698221,42.335918799999995,1
-81.76228859999999,42.34115280000001,1
-81.7611206,42.3419641,1
-81.74751669999999,42.3514109,1
-81.73728340000001,42.3584872,1
-81.714655,42.3741237,1
-81.6723071,42.403084000000014,1
-81.64339249999999,42.4228277,1
-81.62422,42.435905899999995,1
-81.5761508,42.396029,1
-81.5311267,42.3596599,1
-81.5013318,42.3356305,1
-81.50138749999999,42.3742515,1
-81.5016923,42.39630809999999,1
-81.5019435,42.4144669,1
-81.5021001,42.425781,1
-81.50229689999999,42.4399968,1
-81.5024111,42.4482424,1
-81.5026573,42.4660051,1
-81.5026895,42.4683284,1
-81.502652,42.4704896,1
-81.5025268,42.4777017,1
-81.5024455,42.4776421,1
-81.5024597,42.50000149999998,1
-81.5024597,42.5000036,1
-81.5024605,42.501250600000006,1
-81.5,42.501626399999985,1
-81.4999986,42.501626600000016,1
-81.4896533,42.5032059,1
-81.4811896,42.50451830000001,1
-81.47416319999999,42.5056072,1
-81.4550788,42.5075127,1
-81.43163240000001,42.50975179999999,1
-81.4315793,42.509755899999995,1
-81.4130156,42.5111923,1
-81.39739089999999,42.512399500000015,1
-81.38898499999999,42.51311959999999,1
-81.3640666,42.514854799999995,1
-81.349274,42.5161035,1
-81.3453164,42.516437100000005,1
-81.338745,42.5169907,1
-81.3318583,42.51781700000001,1
-81.31360529999999,42.51876070000001,1
-81.28756130000001,42.52041129999999,1
-81.2718806,42.521360699999995,1
-81.2651858,42.5218052,1
-81.2583015,42.5221735,1
-81.2202381,42.524199799999984,1
-81.220254,42.523448500000015,1
-81.2020033,42.5243803,1
-81.18301819999999,42.5253205,1
-81.17397009999999,42.5258501,1
-81.1718715,42.52597279999999,1
-81.1703502,42.5260617,1
-81.15818,42.5266144,1
-81.1460008,42.5266829,1
-81.13853519999999,42.526788499999995,1
-81.135775,42.5268274,1
-81.1295561,42.526592699999995,1
-81.1216544,42.5262938,1
-81.10654679999999,42.52468790000001,1
-81.0852347,42.5240183,1
-81.0790315,42.5238223,1
-81.0540671,42.52221280000001,1
-81.0388553,42.5213168,1
-81.0268826,42.5213022,1
-81.02297870000001,42.5212971,1
-81.0184554,42.5211322,1
-81.0074465,42.5207299,1
-81,42.5203636,1
-80.99671649999999,42.520196799999994,1
-80.9872728,42.5197164,1
-80.9851991,42.5196297,1
-80.9810648,42.5194567,1
-80.97181450000001,42.5190689,1
-80.9651257,42.51877139999999,1
-80.93902419999999,42.5176055,1
-80.9183559,42.5166765,1
-80.9112782,42.5163651,1
-80.8961422,42.5156972,1
-80.8868277,42.5152848,1
-80.8651113,42.5143194,1
-80.86247159999999,42.51408209999999,1
-80.862471,42.5141061,1
-80.8465275,42.5133041,1
-80.8218421,42.5119334,1
-80.80169049999999,42.5110598,1
-80.80168809999999,42.5109949,1
-80.7969378,42.5108147,1
-80.7786883,42.5100738,1
-80.7570124,42.5093423,1
-80.73499629999999,42.5084686,1
-80.7236944,42.5078094,1
-80.6625808,42.507686199999995,1
-80.60968419999999,42.5075446,1
-80.5475946,42.507336900000006,1
-80.5000017,42.507074499999995,1
-80.5,42.507074499999995,1
-80.442281,42.506720900000005,1
-80.4340593,42.5066674,1
-80.43031169999999,42.506642700000015,1
-80.4302598,42.5066424,1
-80.3958883,42.5068541,1
-80.2952665,42.50739470000001,1
-80.24864290000001,42.50737630000001,1
-80.2114063,42.51263039999999,1
-80.15560219999999,42.5214702,1
-80.10523909999999,42.5283258,1
-80.0504469,42.5357488,1
-80.0331502,42.5402487,1
-80.02612069999999,42.54505620000001,1
-80.0176755,42.559373,1
-80.0263152,42.583444799999995,1
-80.0378191,42.6145012,1
-80.0523176,42.6535884,1
-80.0540787,42.658332300000005,1
-80.0553328,42.6617098,1
-80.0555397,42.662267,1
-80.0557242,42.662763899999995,1
-80.0557666,42.6628781,1
-80.0590016,42.67053680000001,1
-80.05902309999999,42.6705878,1
-80.05694539999999,42.69231780000001,1
-80.0569393,42.69238100000001,1
-80.0560907,42.7012515,1
-80.0514161,42.7500581,1
-80.051416,42.7500591,1
-80.05131399999999,42.7511498,1
-80.04209340000001,42.7548463,1
-80.03179229999999,42.7589742,1
-80.01638799999999,42.7598434,1
-80.00634769999999,42.7604084,1
-80.0000049,42.7604037,1
-80.0000024,42.7604037,1
-80,42.7604037,1
-79.9858667,42.76039140000001,1
-79.9837676,42.760389399999994,1
-79.97836389999999,42.760383999999995,1
-79.9729557,42.7603782,1
-79.9692635,42.76037410000001,1
-79.9645809,42.76036860000001,1
-79.9512519,42.76035170000001,1
-79.94125749999999,42.7603376,1
-79.92953709999999,42.760319599999995,1
-79.92100889999999,42.760305599999995,1
-79.91891129999999,42.760302,1
-79.91575279999999,42.760296499999995,1
-79.9137935,42.760293,1
-79.9110439,42.76028809999999,1
-79.9044771,42.7602759,1
-79.9045201,42.760391099999985,1
-79.8803473,42.760716300000006,1
-79.8786958,42.7607382,1
-79.86628429999999,42.7609023,1
-79.8562269,42.761033999999995,1
-79.85548229999999,42.7610437,1
-79.8450016,42.76117960000001,1
-79.83181630000001,42.7613487,1
-79.8204093,42.7614934,1
-79.80741069999999,42.7616564,1
-79.7894863,42.761878,1
-79.74785539999999,42.7623784,1
-79.681054,42.7631393,1
-79.6695368,42.76326530000001,1
-79.669528,42.7632407,1
-79.6569504,42.7634864,1
-79.6426912,42.7637627,1
-79.6216788,42.764165599999984,1
-79.61760679999999,42.7642431,1
-79.6122705,42.7644525,1
-79.6120202,42.7644623,1
-79.58163689999999,42.7656482,1
-79.567253,42.7662059,1
-79.5503897,42.7668567,1
-79.5475817,42.7669647,1
-79.5273003,42.7677424,1
-79.51985189999999,42.7680267,1
-79.51503079999999,42.7682104,1
-79.5094417,42.7684231,1
-79.5034427,42.768651,1
-79.50183299999999,42.768658900000005,1
-79.500002,42.76866790000001,1
-79.5,42.768668,1
-79.4886472,42.768723099999995,1
-79.4767868,42.76877910000001,1
-79.4356073,42.7689608,1
-79.40506239999999,42.76522260000001,1
-79.3314985,42.75222340000001,1
-79.3314965,42.752221200000015,1
-79.2829711,42.750699,1
-79.2786285,42.7527096,1
-79.2646166,42.7538503,1
-79.2616094,42.75407090000001,1
-79.2532137,42.75418619999999,1
-79.25243909999999,42.75419679999999,1
-79.23459129999999,42.754281299999995,1
-79.2295853,42.754121,1
-79.22845749999999,42.7540343,1
-79.2280019,42.7539993,1
-79.20570359999999,42.7529973,1
-79.18516919999999,42.7520694,1
-79.17831489999999,42.752786699999994,1
-79.1716714,42.7534813,1
-79.1669417,42.7528637,1
-79.1659227,42.7528006,1
-79.1531696,42.752010000000006,1
-79.1481943,42.7517011,1
-79.1419122,42.7513106,1
-79.141607,42.75129160000001,1
-79.1415578,42.751288500000015,1
-79.1385193,42.7524497,1
-79.1334409,42.7543899,1
-79.11782529999999,42.760353300000006,1
-79.0888866,42.77118050000001,1
-79.0807284,42.7741445,1
-79.07054339999999,42.7779882,1
-79.06832349999999,42.7788257,1
-79.053267,42.784402300000004,1
-79.044992,42.7875877,1
-79.0435749,42.7881332,1
-79.04135000000001,42.788964199999995,1
-79.0380763,42.790187,1
-79.0375308,42.7903908,1
-79.03350739999999,42.79189320000001,1
-79.0328296,42.7921463,1
-79.02489899999999,42.795107000000016,1
-79.0198316,42.7969982,1
-79.01826919999999,42.7975812,1
-79.0142386,42.7990851,1
-79.0114983,42.80010729999999,1
-79.0087111,42.80114700000001,1
-79.00644299999999,42.801992899999995,1
-78.9999984,42.8043455,1
-78.9918265,42.80732769999999,1
-78.9816735,42.8110313,1
-78.9736904,42.813956,1
-78.96935959999999,42.8155422,1
-78.9555412,42.8207499,1
-78.94584259999999,42.824403,1
-78.942743,42.8255241,1
-78.9354409,42.8283638,1
-78.9353864,42.8285056,1
-78.9333497,42.833798599999994,1
-78.9320978,42.8370519,1
-78.9316515,42.8382114,1
-78.93069559999999,42.840695,1
-78.9255276,42.85411769999998,1
-78.9188599,42.8736062,1
-78.90855839999999,42.8951171,1
-78.9061433,42.9001576,1
-78.90602659999999,42.90697110000001,1
-78.90605939999999,42.9094578,1
-78.90605889999999,42.9095019,1
-78.90605719999999,42.909654,1
-78.9060184,42.913108499999986,1
-78.9060056,42.91425629999999,1
-78.9059989,42.9148557,1
-78.9059767,42.91683540000001,1
-78.9059343,42.9206106,1
-78.9059169,42.9221647,1
-78.9058988,42.9237758,1
-78.9077338,42.9292078,1
-78.90793599999999,42.9298063,1
-78.9086945,42.9302527,1
-78.9089803,42.9304209,1
-78.9096244,42.9327621,1
-78.90986509999999,42.9336369,1
-78.9102813,42.9342761,1
-78.9121638,42.93689670000001,1
-78.9195686,42.94720239999999,1
-78.9330198,42.956164699999995,1
-78.9445635,42.956847499999995,1
-78.9619924,42.95785719999999,1
-78.9677755,42.9626721,1
-78.9751139,42.9687802,1
-78.9999991,42.9799608,1
-79,42.97996119999999,1
-79.0057652,42.98254970000001,1
-79.0120029,42.9853378,1
-79.0127637,42.986444899999995,1
-79.0202619,42.9948357,1
-79.02105209999999,43.0000271,1
-79.0213555,43.00002730000001,1
-79.0213547,43.0000282,1
-79.0201794,43.00133720000001,1
-79.01993399999999,43.0016106,1
-79.020026,43.0018013,1
-79.0200564,43.0019999,1
-79.02033399999999,43.00290520000001,1
-79.0203902,43.003446499999995,1
-79.0205007,43.0038266,1
-79.0205584,43.0043228,1
-79.0205471,43.0046738,1
-79.02061379999999,43.004891099999995,1
-79.02062459999999,43.0057017,1
-79.0206606,43.006107499999985,1
-79.0206098,43.0069261,1
-79.020626,43.0075657,1
-79.02069709999999,43.0080262,1
-79.02078569999999,43.0090902,1
-79.020883,43.0094971,1
-79.0210377,43.01040929999999,1
-79.0212433,43.011268300000005,1
-79.0212913,43.0116833,1
-79.02148609999999,43.01249710000001,1
-79.0216847,43.01357209999999,1
-79.0216705,43.0140131,1
-79.02144659999999,43.01487369999999,1
-79.0212998,43.015240300000016,1
-79.0212672,43.0154919,1
-79.0212837,43.0161225,1
-79.0212059,43.01663440000001,1
-79.0208151,43.017339,1
-79.0206298,43.01775909999999,1
-79.01963669999999,43.0188765,1
-79.01913309999999,43.019273,1
-79.0186768,43.0197243,1
-79.0180144,43.0204782,1
-79.0178121,43.020663800000015,1
-79.0173648,43.02121439999999,1
-79.0165675,43.0219659,1
-79.0164396,43.0221258,1
-79.0160854,43.0224528,1
-79.0156279,43.0229401,1
-79.0154101,43.02322449999999,1
-79.0143263,43.024484400000006,1
-79.0142657,43.0246024,1
-79.0142346,43.0246629,1
-79.0136632,43.025256299999995,1
-79.01357469999999,43.0253298,1
-79.0109575,43.02837900000002,1
-79.0086741,43.034592499999995,1
-79.00529960000001,43.04739420000001,1
-79.0001063,43.0560692,1
-79.0073888,43.0656684,1
-79.0280131,43.0696039,1
-79.0347208,43.0708367,1
-79.0576592,43.07479510000001,1
-79.0680276,43.07685540000001,1
-79.0739818,43.0793524,1
-79.07615899999999,43.0801824,1
-79.07670080000001,43.0803889,1
-79.07163229999999,43.0866742,1
-79.0678274,43.0903368,1
-79.0648339,43.09389230000001,1
-79.06377669999999,43.09554410000001,1
-79.06048249999999,43.1026122,1
-79.0595407,43.104632599999995,1
-79.0581746,43.1068244,1
-79.0582024,43.1086213,1
-79.0582773,43.109008,1
-79.05832989999999,43.10927880000001,1
-79.0583376,43.1092977,1
-79.0601451,43.1137412,1
-79.06250419999999,43.1157501,1
-79.0648193,43.1173594,1
-79.0704138,43.1209147,1
-79.0672801,43.1217085,1
-79.06098639999999,43.1257756,1
-79.05554,43.128155099999994,1
-79.05182889999999,43.13239,1
-79.0462419,43.1367585,1
-79.0457244,43.137163099999995,1
-79.04312519999999,43.1391949,1
-79.0425915,43.14304010000001,1
-79.0425315,43.1434729,1
-79.04274149999999,43.148325500000006,1
